Workbook

Sheet Search settings and infos
A1: project_name | B1: Christophe Danelon | C1: Christophe Danelon | D1: Christophe Danelon | E1: Christophe Danelon | F1: Christophe Danelon | G1: Christophe Danelon | H1: Christophe Danelon | I1: Christophe Danelon
A2: quant_channel_name | B2: 1_RepA_well_B1 | C2: 2_RepB_well_B9 | D2: 3_RepA_well_I3 | E2: 4_RepB_well_I11 | F2: 5_RepA_well_O2 | G2: 6_RepB_well_O10 | H2: 7_RepA_well_A5 | I2: 8_RepB_well_A13
A3: result_set_name | B3: AJS Christophe Danelon 130625 [Mascot] QEAJS250606_02.raw.mgf | C3: AJS Christophe Danelon 130625 [Mascot] QEAJS250606_04.raw.mgf | D3: AJS Christophe Danelon 130625 [Mascot] QEAJS250606_06.raw.mgf | E3: AJS Christophe Danelon 130625 [Mascot] QEAJS250606_08.raw.mgf | F3: AJS Christophe Danelon 130625 [Mascot] QEAJS250606_10.raw.mgf | G3: AJS Christophe Danelon 130625 [Mascot] QEAJS250606_12.raw.mgf | H3: AJS Christophe Danelon 130625 [Mascot] QEAJS250606_14.raw.mgf | I3: AJS Christophe Danelon 130625 [Mascot] QEAJS250606_16.raw.mgf
A4: search_title | B4: AJS Christophe Danelon 130625 [Mascot] QEAJS250606_02.raw.mgf | C4: AJS Christophe Danelon 130625 [Mascot] QEAJS250606_04.raw.mgf | D4: AJS Christophe Danelon 130625 [Mascot] QEAJS250606_06.raw.mgf | E4: AJS Christophe Danelon 130625 [Mascot] QEAJS250606_08.raw.mgf | F4: AJS Christophe Danelon 130625 [Mascot] QEAJS250606_10.raw.mgf | G4: AJS Christophe Danelon 130625 [Mascot] QEAJS250606_12.raw.mgf | H4: AJS Christophe Danelon 130625 [Mascot] QEAJS250606_14.raw.mgf | I4: AJS Christophe Danelon 130625 [Mascot] QEAJS250606_16.raw.mgf
A5: search_date | B5: 2025:06:10 11:17:24 | C5: 2025:06:10 11:18:00 | D5: 2025:06:10 11:19:31 | E5: 2025:06:10 11:19:27 | F5: 2025:06:10 11:19:26 | G5: 2025:06:10 11:19:25 | H5: 2025:06:10 11:22:32 | I5: 2025:06:10 11:22:48
A6: raw_file_name | B6: QEAJS250606_02 | C6: QEAJS250606_04 | D6: QEAJS250606_06 | E6: QEAJS250606_08 | F6: QEAJS250606_10 | G6: QEAJS250606_12 | H6: QEAJS250606_14 | I6: QEAJS250606_16
A7: peaklist_file_path | B7: QEAJS250606_02.raw.mgf | C7: QEAJS250606_04.raw.mgf | D7: QEAJS250606_06.raw.mgf | E7: QEAJS250606_08.raw.mgf | F7: QEAJS250606_10.raw.mgf | G7: QEAJS250606_12.raw.mgf | H7: QEAJS250606_14.raw.mgf | I7: QEAJS250606_16.raw.mgf
A8: result_file_name | B8: F148210.dat | C8: F148211.dat | D8: F148212.dat | E8: F148213.dat | F8: F148214.dat | G8: F148215.dat | H8: F148216.dat | I8: F148217.dat
A9: result_file_directory | B9: G:\Mascot\data\20250610 | C9: G:\Mascot\data\20250610 | D9: G:\Mascot\data\20250610 | E9: G:\Mascot\data\20250610 | F9: G:\Mascot\data\20250610 | G9: G:\Mascot\data\20250610 | H9: G:\Mascot\data\20250610 | I9: G:\Mascot\data\20250610
A10: job_number | B10: 148210 | C10: 148211 | D10: 148212 | E10: 148213 | F10: 148214 | G10: 148215 | H10: 148216 | I10: 148217
A11: user_name | B11: stella | C11: stella | D11: stella | E11: stella | F11: stella | G11: stella | H11: stella | I11: stella
A12: user_email
A13: queries_count | B13: 23333 | C13: 24098 | D13: 26686 | E13: 26878 | F13: 25495 | G13: 25847 | H13: 26904 | I13: 26867
A14: searched_sequences_count | B14: 23530 | C14: 23530 | D14: 23530 | E14: 23530 | F14: 23530 | G14: 23530 | H14: 23530 | I14: 23530
A15: software_name | B15: Mascot | C15: Mascot | D15: Mascot | E15: Mascot | F15: Mascot | G15: Mascot | H15: Mascot | I15: Mascot
A16: software_version | B16: 2.8.3 | C16: 2.8.3 | D16: 2.8.3 | E16: 2.8.3 | F16: 2.8.3 | G16: 2.8.3 | H16: 2.8.3 | I16: 2.8.3
A17: instrument_config | B17: Q-EXACTIVE (A1=FTMS F=HCD A2=FTMS) | C17: Q-EXACTIVE (A1=FTMS F=HCD A2=FTMS) | D17: Q-EXACTIVE (A1=FTMS F=HCD A2=FTMS) | E17: Q-EXACTIVE (A1=FTMS F=HCD A2=FTMS) | F17: Q-EXACTIVE (A1=FTMS F=HCD A2=FTMS) | G17: Q-EXACTIVE (A1=FTMS F=HCD A2=FTMS) | H17: Q-EXACTIVE (A1=FTMS F=HCD A2=FTMS) | I17: Q-EXACTIVE (A1=FTMS F=HCD A2=FTMS)
A18: database_names | B18: D:/Sequences/Alexandre/current/Alex_20191003.fasta; D:/Sequences/contaminants/current/contaminants_20220223.fasta; D:/Sequences/Sprot_Ecoli/current/Sprot_Ecoli_20191105.fasta | C18: D:/Sequences/Alexandre/current/Alex_20191003.fasta; D:/Sequences/contaminants/current/contaminants_20220223.fasta; D:/Sequences/Sprot_Ecoli/current/Sprot_Ecoli_20191105.fasta | D18: D:/Sequences/Alexandre/current/Alex_20191003.fasta; D:/Sequences/contaminants/current/contaminants_20220223.fasta; D:/Sequences/Sprot_Ecoli/current/Sprot_Ecoli_20191105.fasta | E18: D:/Sequences/Alexandre/current/Alex_20191003.fasta; D:/Sequences/contaminants/current/contaminants_20220223.fasta; D:/Sequences/Sprot_Ecoli/current/Sprot_Ecoli_20191105.fasta | F18: D:/Sequences/Alexandre/current/Alex_20191003.fasta; D:/Sequences/contaminants/current/contaminants_20220223.fasta; D:/Sequences/Sprot_Ecoli/current/Sprot_Ecoli_20191105.fasta | G18: D:/Sequences/Alexandre/current/Alex_20191003.fasta; D:/Sequences/contaminants/current/contaminants_20220223.fasta; D:/Sequences/Sprot_Ecoli/current/Sprot_Ecoli_20191105.fasta | H18: D:/Sequences/Alexandre/current/Alex_20191003.fasta; D:/Sequences/contaminants/current/contaminants_20220223.fasta; D:/Sequences/Sprot_Ecoli/current/Sprot_Ecoli_20191105.fasta | I18: D:/Sequences/Alexandre/current/Alex_20191003.fasta; D:/Sequences/contaminants/current/contaminants_20220223.fasta; D:/Sequences/Sprot_Ecoli/current/Sprot_Ecoli_20191105.fasta
A19: database_releases | B19: 2024:11:19 15:07:18; 2025:01:20 16:08:51; 2025:01:20 16:08:51 | C19: 2024:11:19 15:07:18; 2025:01:20 16:08:51; 2025:01:20 16:08:51 | D19: 2024:11:19 15:07:18; 2025:01:20 16:08:51; 2025:01:20 16:08:51 | E19: 2024:11:19 15:07:18; 2025:01:20 16:08:51; 2025:01:20 16:08:51 | F19: 2024:11:19 15:07:18; 2025:01:20 16:08:51; 2025:01:20 16:08:51 | G19: 2024:11:19 15:07:18; 2025:01:20 16:08:51; 2025:01:20 16:08:51 | H19: 2024:11:19 15:07:18; 2025:01:20 16:08:51; 2025:01:20 16:08:51 | I19: 2024:11:19 15:07:18; 2025:01:20 16:08:51; 2025:01:20 16:08:51
A20: database_sequences_count | B20: 29; 364; 23135 | C20: 29; 364; 23135 | D20: 29; 364; 23135 | E20: 29; 364; 23135 | F20: 29; 364; 23135 | G20: 29; 364; 23135 | H20: 29; 364; 23135 | I20: 29; 364; 23135
A21: taxonomy | B21: All entries | C21: All entries | D21: All entries | E21: All entries | F21: All entries | G21: All entries | H21: All entries | I21: All entries
A22: enzymes | B22: Trypsin/P | C22: Trypsin/P | D22: Trypsin/P | E22: Trypsin/P | F22: Trypsin/P | G22: Trypsin/P | H22: Trypsin/P | I22: Trypsin/P
A23: max_missed_cleavages | B23: 2 | C23: 2 | D23: 2 | E23: 2 | F23: 2 | G23: 2 | H23: 2 | I23: 2
A24: fixed_ptms | B24: Carbamidomethyl (C) | C24: Carbamidomethyl (C) | D24: Carbamidomethyl (C) | E24: Carbamidomethyl (C) | F24: Carbamidomethyl (C) | G24: Carbamidomethyl (C) | H24: Carbamidomethyl (C) | I24: Carbamidomethyl (C)
A25: variable_ptms | B25: Oxidation (M) | C25: Oxidation (M) | D25: Oxidation (M) | E25: Oxidation (M) | F25: Oxidation (M) | G25: Oxidation (M) | H25: Oxidation (M) | I25: Oxidation (M)
A26: peptide_charge_states | B26: 2+ and 3+ | C26: 2+ and 3+ | D26: 2+ and 3+ | E26: 2+ and 3+ | F26: 2+ and 3+ | G26: 2+ and 3+ | H26: 2+ and 3+ | I26: 2+ and 3+
A27: peptide_mass_error_tolerance | B27: 10.0 ppm | C27: 10.0 ppm | D27: 10.0 ppm | E27: 10.0 ppm | F27: 10.0 ppm | G27: 10.0 ppm | H27: 10.0 ppm | I27: 10.0 ppm
A28: fragment_mass_error_tolerance | B28: 20.0 mmu | C28: 20.0 mmu | D28: 20.0 mmu | E28: 20.0 mmu | F28: 20.0 mmu | G28: 20.0 mmu | H28: 20.0 mmu | I28: 20.0 mmu
A29: is_decoy | B29: false | C29: false | D29: false | E29: false | F29: false | G29: false | H29: false | I29: false

Sheet Import and filters
A1: quant_channel_name | B1: - | C1: 1_RepA_well_B1 | D1: 2_RepB_well_B9 | E1: 3_RepA_well_I3 | F1: 4_RepB_well_I11 | G1: 5_RepA_well_O2 | H1: 6_RepB_well_O10 | I1: 7_RepA_well_A5 | J1: 8_RepB_well_A13
A2: result_file_name | B2: DATASET_IdentSummary_Id116 | C2: F148210.dat | D2: F148211.dat | E2: F148212.dat | F2: F148213.dat | G2: F148214.dat | H2: F148215.dat | I2: F148216.dat | J2: F148217.dat
A3: import_params | C3: Target-Decoy Mode: SEPARATED | D3: Target-Decoy Mode: SEPARATED | E3: Target-Decoy Mode: SEPARATED | F3: Target-Decoy Mode: SEPARATED | G3: Target-Decoy Mode: SEPARATED | H3: Target-Decoy Mode: SEPARATED | I3: Target-Decoy Mode: SEPARATED | J3: Target-Decoy Mode: SEPARATED
A4: psm_filter_expected_fdr | B4: - | C4: 1 | D4: 1 | E4: 1 | F4: 1 | G4: 1 | H4: 1 | I4: 1 | J4: 1
A5: psm_filter_1 | C5: PSM FILTER: PRETTY_RANK; Description: peptide match rank filter; Properties: [threshold_value=1] | D5: PSM FILTER: PRETTY_RANK; Description: peptide match rank filter; Properties: [threshold_value=1] | E5: PSM FILTER: PRETTY_RANK; Description: peptide match rank filter; Properties: [threshold_value=1] | F5: PSM FILTER: PRETTY_RANK; Description: peptide match rank filter; Properties: [threshold_value=1] | G5: PSM FILTER: PRETTY_RANK; Description: peptide match rank filter; Properties: [threshold_value=1] | H5: PSM FILTER: PRETTY_RANK; Description: peptide match rank filter; Properties: [threshold_value=1] | I5: PSM FILTER: PRETTY_RANK; Description: peptide match rank filter; Properties: [threshold_value=1] | J5: PSM FILTER: PRETTY_RANK; Description: peptide match rank filter; Properties: [threshold_value=1]
A6: psm_filter_2 | C6: PSM FILTER: PEP_SEQ_LENGTH; Description: peptide sequence length filter; Properties: [threshold_value=7] | D6: PSM FILTER: PEP_SEQ_LENGTH; Description: peptide sequence length filter; Properties: [threshold_value=7] | E6: PSM FILTER: PEP_SEQ_LENGTH; Description: peptide sequence length filter; Properties: [threshold_value=7] | F6: PSM FILTER: PEP_SEQ_LENGTH; Description: peptide sequence length filter; Properties: [threshold_value=7] | G6: PSM FILTER: PEP_SEQ_LENGTH; Description: peptide sequence length filter; Properties: [threshold_value=7] | H6: PSM FILTER: PEP_SEQ_LENGTH; Description: peptide sequence length filter; Properties: [threshold_value=7] | I6: PSM FILTER: PEP_SEQ_LENGTH; Description: peptide sequence length filter; Properties: [threshold_value=7] | J6: PSM FILTER: PEP_SEQ_LENGTH; Description: peptide sequence length filter; Properties: [threshold_value=7]
A7: psm_filter_3 | C7: PSM FILTER: MASCOT_ADJUSTED_EVALUE; Description: peptide match mascot adjusted e-value filter; Properties: [threshold_value=0.5231568398233847] | D7: PSM FILTER: MASCOT_ADJUSTED_EVALUE; Description: peptide match mascot adjusted e-value filter; Properties: [threshold_value=0.8193028091992917] | E7: PSM FILTER: MASCOT_ADJUSTED_EVALUE; Description: peptide match mascot adjusted e-value filter; Properties: [threshold_value=1.0293072545932158] | F7: PSM FILTER: MASCOT_ADJUSTED_EVALUE; Description: peptide match mascot adjusted e-value filter; Properties: [threshold_value=0.9452792249428005] | G7: PSM FILTER: MASCOT_ADJUSTED_EVALUE; Description: peptide match mascot adjusted e-value filter; Properties: [threshold_value=2.049831441909368] | H7: PSM FILTER: MASCOT_ADJUSTED_EVALUE; Description: peptide match mascot adjusted e-value filter; Properties: [threshold_value=0.9912132705799337] | I7: PSM FILTER: MASCOT_ADJUSTED_EVALUE; Description: peptide match mascot adjusted e-value filter; Properties: [threshold_value=1.4138530042152913] | J7: PSM FILTER: MASCOT_ADJUSTED_EVALUE; Description: peptide match mascot adjusted e-value filter; Properties: [threshold_value=0.9052594910445766]
A8: prot_filter_expected_fdr | B8: - | C8: 1 | D8: 1 | E8: 1 | F8: 1 | G8: 1 | H8: 1 | I8: 1 | J8: 1
A9: import_prot_filter_1 | C9: Protein FILTER: SPECIFIC_PEP; Description: protein set filter on specific peptide (protein set context); Properties: [threshold_value=1] | D9: Protein FILTER: SPECIFIC_PEP; Description: protein set filter on specific peptide (protein set context); Properties: [threshold_value=1] | E9: Protein FILTER: SPECIFIC_PEP; Description: protein set filter on specific peptide (protein set context); Properties: [threshold_value=1] | F9: Protein FILTER: SPECIFIC_PEP; Description: protein set filter on specific peptide (protein set context); Properties: [threshold_value=1] | G9: Protein FILTER: SPECIFIC_PEP; Description: protein set filter on specific peptide (protein set context); Properties: [threshold_value=1] | H9: Protein FILTER: SPECIFIC_PEP; Description: protein set filter on specific peptide (protein set context); Properties: [threshold_value=1] | I9: Protein FILTER: SPECIFIC_PEP; Description: protein set filter on specific peptide (protein set context); Properties: [threshold_value=1] | J9: Protein FILTER: SPECIFIC_PEP; Description: protein set filter on specific peptide (protein set context); Properties: [threshold_value=1]
A10: import_prot_filter_2 | C10: Protein FILTER: SCORE; Description: protein set score filter; Properties: [rule_1_threshold_value=18.856495, rule_2_threshold_value=0.0] | D10: Protein FILTER: SCORE; Description: protein set score filter; Properties: [rule_1_threshold_value=18.64037, rule_2_threshold_value=1.2684593] | E10: Protein FILTER: SCORE; Description: protein set score filter; Properties: [rule_1_threshold_value=1.3242222, rule_2_threshold_value=0.1] | F10: Protein FILTER: SCORE; Description: protein set score filter; Properties: [rule_1_threshold_value=5.3283973, rule_2_threshold_value=0.0] | G10: Protein FILTER: SCORE; Description: protein set score filter; Properties: [rule_1_threshold_value=2.8799996, rule_2_threshold_value=0.0] | H10: Protein FILTER: SCORE; Description: protein set score filter; Properties: [rule_1_threshold_value=3.5935931, rule_2_threshold_value=0.0] | I10: Protein FILTER: SCORE; Description: protein set score filter; Properties: [rule_1_threshold_value=1.9599997, rule_2_threshold_value=0.0] | J10: Protein FILTER: SCORE; Description: protein set score filter; Properties: [rule_1_threshold_value=2.2408805, rule_2_threshold_value=0.0]
A11: import_prot_filter_3

Sheet Quant config
A1: version | B1: 2.0
A2: use last peakel detection | B2: false
A3: detection method name | B3: DETECT_PEAKELS
A4: alignment smoothing method window size | B4: 50
A5: alignment smoothing method window overlap | B5: 50
A6: alignment smoothing method min window landmarks | B6: 50
A7: alignment smoothing method name | B7: LANDMARK_RANGE
A8: alignment method max iterations | B8: 3
A9: alignment method mass interval | B9: 20000
A10: alignment method name | B10: ITERATIVE
A11: alignment ignore errors | B11: false
A12: alignment feature mapping method time tolerance | B12: 600
... A59: profile clustering method | B59: QUANT_PROFILE

Sheet Protein sets
A1: protein_set_id | B1: accession | C1: gene_name | D1: samesets_accessions | E1: subsets_accessions | F1: description | G1: protein_set_score | H1: is_validated | I1: selection_level | J1: #sameset_protein_matches | K1: #subset_protein_matches | L1: coverage | M1: MW | N1: #observable_peptides | O1: #sequences | P1: #specific_sequences | Q1: #peptides | R1: #specific_peptides | S1: spectral_count | T1: specific_spectral_count | U1: quantified_peptides_count | V1: peptides_count_1_RepA_well_B1 | W1: peptides_count_2_RepB_well_B9 | X1: peptides_count_3_RepA_well_I3 | Y1: peptides_count_4_RepB_well_I11 | Z1: peptides_count_5_RepA_well_O2 | AA1: peptides_count_6_RepB_well_O10 | AB1: peptides_count_7_RepA_well_A5 | AC1: peptides_count_8_RepB_well_A13 | AD1: psm_count_1_RepA_well_B1 | AE1: psm_count_2_RepB_well_B9 | AF1: psm_count_3_RepA_well_I3 | AG1: psm_count_4_RepB_well_I11 | AH1: psm_count_5_RepA_well_O2 | AI1: psm_count_6_RepB_well_O10 | AJ1: psm_count_7_RepA_well_A5 | AK1: psm_count_8_RepB_well_A13 | AL1: raw_abundance_1_RepA_well_B1 | AM1: raw_abundance_2_RepB_well_B9 | AN1: raw_abundance_3_RepA_well_I3 | AO1: raw_abundance_4_RepB_well_I11 | AP1: raw_abundance_5_RepA_well_O2 | AQ1: raw_abundance_6_RepB_well_O10 | AR1: raw_abundance_7_RepA_well_A5 | AS1: raw_abundance_8_RepB_well_A13 | AT1: abundance_1_RepA_well_B1 | AU1: abundance_2_RepB_well_B9 | AV1: abundance_3_RepA_well_I3 | AW1: abundance_4_RepB_well_I11 | AX1: abundance_5_RepA_well_O2 | AY1: abundance_6_RepB_well_O10 | AZ1: abundance_7_RepA_well_A5 | BA1: abundance_8_RepB_well_A13
A2: 16786 | B2: EFG_ECO24 | C2: fusA | D2: EFG_ECO24; EFG_ECO27; EFG_ECO45; EFG_ECO55; EFG_ECO57; EFG_ECO5E; EFG_ECO7I; EFG_ECO81; EFG_ECO8A; EFG_ECOBW; EFG_ECODH; EFG_ECOHS; EFG_ECOK1; EFG_ECOL5; EFG_ECOL6; EFG_ECOLC; EFG_ECOLI; EFG_ECOSE; EFG_ECOSM; EFG_ECOUT | E2: EFG_ECOLU | F2: sp|A7ZSL5|EFG_ECO24 Elongation factor G OS=Escherichia coli O139:H28 (strain E24377A / ETEC) OX=331111 GN=fusA PE=3 SV=1 | G2: 3169.031 | H2: true | I2: 2 | J2: 20 | K2: 1 | L2: 81.68 | M2: 77580 | N2: 43 | O2: 57 | P2: 57 | Q2: 65 | R2: 65 | S2: 5383 | T2: 5383 | U2: 65 | V2: 47 | W2: 51 | X2: 57 | Y2: 63 | Z2: 60 | AA2: 60 | AB2: 60 | AC2: 59 | AD2: 392 | AE2: 360 | AF2: 785 | AG2: 835 | AH2: 792 | AI2: 817 | AJ2: 615 | AK2: 787 | AL2: 2182097152 | AM2: 1865604480 | AN2: 5362102272 | AO2: 8320054784 | AP2: 4089943296 | AQ2: 4664014848 | AR2: 3693956096 | AS2: 4848675840 | AT2: 1638980992 | AU2: 1337588736 | AV2: 2799779840 | AW2: 3695418112 | AX2: 3152617728 | AY2: 3273308928 | AZ2: 2702001920 | BA2: 3069323776
A3: 16829 | B3: RS1_ECO57 | C3: rpsA | D3: RS1_ECO57; RS1_ECOL6; RS1_ECOLI | F3: sp|P0AG69|RS1_ECO57 30S ribosomal protein S1 OS=Escherichia coli O157:H7 OX=83334 GN=rpsA PE=3 SV=1 | G3: 3150.374 | H3: true | I3: 2 | J3: 3 | K3: 0 | L3: 76.12 | M3: 61157 | N3: 35 | O3: 55 | P3: 55 | Q3: 58 | R3: 58 | S3: 9288 | T3: 9288 | U3: 58 | V3: 48 | W3: 49 | X3: 54 | Y3: 55 | Z3: 56 | AA3: 57 | AB3: 57 | AC3: 56 | AD3: 924 | AE3: 989 | AF3: 1333 | AG3: 1427 | AH3: 1413 | AI3: 1335 | AJ3: 1037 | AK3: 829 | AL3: 5071682048 | AM3: 4869823488 | AN3: 9463989248 | AO3: 11447007232 | AP3: 6379252736 | AQ3: 6611609088 | AR3: 6586499584 | AS3: 5490465280 | AT3: 4292909568 | AU3: 4611912704 | AV3: 5316688896 | AW3: 4718388736 | AX3: 4811970048 | AY3: 4409207808 | AZ3: 4280950272 | BA3: 3152657408
A4: 16721 | B4: PLSB_ECOK1 | C4: plsB | D4: PLSB_ECOK1; PLSB_ECOSE; PLSB_ECOUT | E4: PLSB_ECO24; PLSB_ECO27; PLSB_ECO45; PLSB_ECO55; PLSB_ECO57; PLSB_ECO5E; PLSB_ECO7I; PLSB_ECO81; PLSB_ECO8A; PLSB_ECOBW; PLSB_ECODH; PLSB_ECOHS; PLSB_ECOL6; PLSB_ECOLC; PLSB_ECOLI; PLSB_ECOLU; PLSB_ECOSM | F4: sp|A1AIL8|PLSB_ECOK1 Glycerol-3-phosphate acyltransferase OS=Escherichia coli O1:K1 / APEC OX=405955 GN=plsB PE=3 SV=1 | G4: 2651.157 | H4: true | I4: 2 | J4: 3 | K4: 17 | L4: 62.64 | M4: 93695 | N4: 51 | O4: 49 | P4: 49 | Q4: 62 | R4: 62 | S4: 7522 | T4: 7522 | U4: 62 | V4: 50 | W4: 54 | X4: 57 | Y4: 60 | Z4: 55 | AA4: 56 | AB4: 62 | AC4: 62 | AD4: 598 | AE4: 663 | AF4: 1054 | AG4: 892 | AH4: 542 | AI4: 526 | AJ4: 1520 | AK4: 1727 | AL4: 7062929408 | AM4: 6096701952 | AN4: 12136049664 | AO4: 13151027200 | AP4: 3762981120 | AQ4: 4052071424 | AR4: 18020900864 | AS4: 21608833024 | AT4: 5277456896 | AU4: 4879404544 | AV4: 5952979456 | AW4: 4830801408 | AX4: 2339232512 | AY4: 2363166208 | AZ4: 10993537024 | BA4: 12211140608
A5: 16871 | B5: DPOL_BPPH2 | C5: 2 | D5: DPOL_BPPH2 | F5: sp|P03680|DPOL_BPPH2 DNA polymerase OS=Bacillus phage phi29 OX=2884424 GN=2 PE=1 SV=1 | G5: 2082.481 | H5: true | I5: 2 | J5: 1 | K5: 0 | L5: 70.61 | M5: 66713 | N5: 40 | O5: 46 | P5: 46 | Q5: 47 | R5: 47 | S5: 4323 | T5: 4323 | U5: 47 | V5: 36 | W5: 38 | X5: 45 | Y5: 47 | Z5: 42 | AA5: 45 | AB5: 47 | AC5: 45 | AD5: 501 | AE5: 516 | AF5: 745 | AG5: 646 | AH5: 398 | AI5: 372 | AJ5: 588 | AK5: 557 | AL5: 3875154688 | AM5: 3359524096 | AN5: 6278807040 | AO5: 7675360256 | AP5: 2221802752 | AQ5: 2413990912 | AR5: 5120246272 | AS5: 4226421248 | AT5: 2918830592 | AU5: 2796321024 | AV5: 3361662208 | AW5: 3118186752 | AX5: 1527015040 | AY5: 1471797760 | AZ5: 3422046208 | BA5: 2544448256
A6: 16664 | B6: EFTU1_ECO24 | C6: tuf1 | D6: EFTU1_ECO24; EFTU1_ECOHS; EFTU1_ECOK1; EFTU1_ECOL5; EFTU1_ECOLC; EFTU1_ECOLI; EFTU1_ECOUT | E6: EFTU2_ECO24; EFTU2_ECOHS; EFTU2_ECOK1; EFTU2_ECOL5; EFTU2_ECOLC; EFTU2_ECOLI; EFTU2_ECOUT; EFTU_ECO57; EFTU_ECOL6 | F6: sp|A7ZSL4|EFTU1_ECO24 Elongation factor Tu 1 OS=Escherichia coli O139:H28 (strain E24377A / ETEC) OX=331111 GN=tuf1 PE=3 SV=1 | G6: 2047.42 | H6: true | I6: 2 | J6: 7 | K6: 9 | L6: 81.73 | M6: 43283 | N6: 26 | O6: 33 | P6: 33 | Q6: 39 | R6: 39 | S6: 9323 | T6: 9323 | U6: 39 | V6: 27 | W6: 27 | X6: 36 | Y6: 38 | Z6: 38 | AA6: 39 | AB6: 38 | AC6: 39 | AD6: 703 | AE6: 764 | AF6: 1188 | AG6: 1406 | AH6: 1297 | AI6: 1349 | AJ6: 1312 | AK6: 1304 | AL6: 4193328128 | AM6: 3974820352 | AN6: 9674161152 | AO6: 12910504960 | AP6: 7836724224 | AQ6: 9476875264 | AR6: 7780093952 | AS6: 9225899008 | AT6: 3003825152 | AU6: 2798942464 | AV6: 5597512192 | AW6: 6589564416 | AX6: 5849209856 | AY6: 6594433536 | AZ6: 5191266816 | BA6: 5928875520
A7: 16819 | B7: SYA_ECODH | C7: alaS | D7: SYA_ECODH; SYA_ECOLC; SYA_ECOLI | E7: SYA_ECO24; SYA_ECO57; SYA_ECOHS; SYA_ECOK1; SYA_ECOL5; SYA_ECOSM; SYA_ECOUT | F7: sp|B1XCM5|SYA_ECODH Alanine--tRNA ligase OS=Escherichia coli (strain K12 / DH10B) OX=316385 GN=alaS PE=3 SV=1 | G7: 2030.782 | H7: true | I7: 2 | J7: 3 | K7: 7 | L7: 61.3 | M7: 96031 | N7: 59 | O7: 49 | P7: 49 | Q7: 50 | R7: 50 | S7: 956 | T7: 956 | U7: 50 | V7: 33 | W7: 39 | X7: 42 | Y7: 47 | Z7: 49 | AA7: 50 | AB7: 49 | AC7: 49 | AD7: 102 | AE7: 104 | AF7: 88 | AG7: 101 | AH7: 142 | AI7: 167 | AJ7: 107 | AK7: 144 | AL7: 623074048 | AM7: 2080943744 | AN7: 2611674112 | AO7: 1457060480 | AP7: 2189307904 | AQ7: 2495125760 | AR7: 1141066752 | AS7: 2398300928 | AT7: 927420672 | AU7: 1079577472 | AV7: 890225280 | AW7: 936472960 | AX7: 1327956480 | AY7: 1536904064 | AZ7: 1101986944 | BA7: 1236866048
A8: 16667 | B8: SYGB_ECOBW | C8: glyS | D8: SYGB_ECOBW; SYGB_ECODH; SYGB_ECOHS; SYGB_ECOLC; SYGB_ECOLI | E8: SYGB_ECO24; SYGB_ECO27; SYGB_ECO45; SYGB_ECO55; SYGB_ECO57; SYGB_ECO5E; SYGB_ECO7I; SYGB_ECO81; SYGB_ECO8A; SYGB_ECOK1; SYGB_ECOL5; SYGB_ECOL6; SYGB_ECOLU; SYGB_ECOSE; SYGB_ECOSM; SYGB_ECOUT | F8: sp|C4ZXE9|SYGB_ECOBW Glycine--tRNA ligase beta subunit OS=Escherichia coli (strain K12 / MC4100 / BW2952) OX=595496 GN=glyS PE=3 SV=1 | G8: 1888.342 | H8: true | I8: 2 | J8: 5 | K8: 16 | L8: 69.52 | M8: 76812 | N8: 46 | O8: 46 | P8: 46 | Q8: 47 | R8: 47 | S8: 609 | T8: 609 | U8: 47 | V8: 34 | W8: 32 | X8: 41 | Y8: 46 | Z8: 44 | AA8: 46 | AB8: 46 | AC8: 47 | AD8: 47 | AE8: 49 | AF8: 65 | AG8: 70 | AH8: 88 | AI8: 97 | AJ8: 87 | AK8: 106 | AL8: 207593584 | AM8: 208713840 | AN8: 420518688 | AO8: 596326976 | AP8: 467637760 | AQ8: 594142720 | AR8: 497052320 | AS8: 584335232 | AT8: 223580400 | AU8: 230065840 | AV8: 226611184 | AW8: 221647296 | AX8: 326966400 | AY8: 367050080 | AZ8: 315216608 | BA8: 315204544
A9: 16788 | B9: RL1_ECO24 | C9: rplA | D9: RL1_ECO24; RL1_ECO27; RL1_ECO45; RL1_ECO55; RL1_ECO57; RL1_ECO5E; RL1_ECO7I; RL1_ECO81; RL1_ECO8A; RL1_ECOBW; RL1_ECODH; RL1_ECOHS; RL1_ECOL5; RL1_ECOL6; RL1_ECOLC; RL1_ECOLI; RL1_ECOLU; RL1_ECOSE; RL1_ECOSM; RL1_ECOUT | F9: sp|A7ZUJ7|RL1_ECO24 50S ribosomal protein L1 OS=Escherichia coli O139:H28 (strain E24377A / ETEC) OX=331111 GN=rplA PE=3 SV=1 | G9: 1675.183 | H9: true | I9: 2 | J9: 20 | K9: 0 | L9: 84.19 | M9: 24729 | N9: 15 | O9: 26 | P9: 26 | Q9: 31 | R9: 31 | S9: 6701 | T9: 6701 | U9: 31 | V9: 26 | W9: 26 | X9: 27 | Y9: 31 | Z9: 29 | AA9: 30 | AB9: 29 | AC9: 30 | AD9: 606 | AE9: 694 | AF9: 902 | AG9: 965 | AH9: 970 | AI9: 945 | AJ9: 861 | AK9: 758 | AL9: 7322373632 | AM9: 7181896192 | AN9: 10766523392 | AO9: 12166329344 | AP9: 7214319616 | AQ9: 7423108096 | AR9: 7313180160 | AS9: 6373597696 | AT9: 6671104512 | AU9: 6961717248 | AV9: 5638069248 | AW9: 5438311936 | AX9: 5638650880 | AY9: 5492911616 | AZ9: 4987500544 | BA9: 4077285888
A10: 16766 | B10: IF2_ECO24 | C10: infB | D10: IF2_ECO24; IF2_ECO55; IF2_ECO57; IF2_ECO5E; IF2_ECO7I; IF2_ECO8A; IF2_ECOBW; IF2_ECODH; IF2_ECOHS; IF2_ECOLC; IF2_ECOLI; IF2_ECOLU; IF2_ECOSE | E10: IF2_ECO27; IF2_ECO45; IF2_ECO81; IF2_ECOK1; IF2_ECOL5; IF2_ECOL6; IF2_ECOSM; IF2_ECOUT | F10: sp|A7ZS65|IF2_ECO24 Translation initiation factor IF-2 OS=Escherichia coli O139:H28 (strain E24377A / ETEC) OX=331111 GN=infB PE=3 SV=1 | G10: 1619.625 | H10: true | I10: 2 | J10: 13 | K10: 8 | L10: 55.17 | M10: 97348 | N10: 59 | O10: 41 | P10: 41 | Q10: 41 | R10: 41 | S10: 652 | T10: 652 | U10: 41 | V10: 34 | W10: 33 | X10: 38 | Y10: 37 | Z10: 39 | AA10: 40 | AB10: 38 | AC10: 37 | AD10: 133 | AE10: 121 | AF10: 86 | AG10: 78 | AH10: 74 | AI10: 63 | AJ10: 48 | AK10: 48 | AL10: 581290432 | AM10: 516910976 | AN10: 531270656 | AO10: 592395008 | AP10: 297187072 | AQ10: 333520288 | AR10: 287584064 | AS10: 292437632 | AT10: 548881408 | AU10: 545138496 | AV10: 294084576 | AW10: 271499200 | AX10: 230618848 | AY10: 211535152 | AZ10: 205311712 | BA10: 192700416
A11: 16799 | B11: FTSZ_ECO57 | C11: ftsZ | D11: FTSZ_ECO57; FTSZ_ECOL6; FTSZ_ECOLI | F11: sp|P0A9A8|FTSZ_ECO57 Cell division protein FtsZ OS=Escherichia coli O157:H7 OX=83334 GN=ftsZ PE=3 SV=1 | G11: 1453.809 | H11: true | I11: 2 | J11: 3 | K11: 0 | L11: 85.64 | M11: 40323 | N11: 24 | O11: 25 | P11: 25 | Q11: 26 | R11: 26 | S11: 1197 | T11: 1197 | U11: 26 | V11: 23 | W11: 23 | X11: 26 | Y11: 26 | Z11: 26 | AA11: 24 | AB11: 24 | AC11: 25 | AD11: 132 | AE11: 158 | AF11: 220 | AG11: 190 | AH11: 68 | AI11: 70 | AJ11: 185 | AK11: 174 | AL11: 544774144 | AM11: 591065472 | AN11: 1467126272 | AO11: 2038535040 | AP11: 387915936 | AQ11: 436069088 | AR11: 965568960 | AS11: 1174204672 | AT11: 444778304 | AU11: 619225152 | AV11: 809379392 | AW11: 847743040 | AX11: 299623520 | AY11: 295364704 | AZ11: 640100608 | BA11: 617986368
A12: 16662 | B12: EFTS_ECO24 | C12: tsf | D12: EFTS_ECO24; EFTS_ECO27; EFTS_ECO45; EFTS_ECO55; EFTS_ECO57; EFTS_ECO5E; EFTS_ECO7I; EFTS_ECO81; EFTS_ECO8A; EFTS_ECOBW; EFTS_ECODH; EFTS_ECOHS; EFTS_ECOL5; EFTS_ECOL6; EFTS_ECOLC; EFTS_ECOLI; EFTS_ECOLU; EFTS_ECOSE; EFTS_ECOSM; EFTS_ECOUT | F12: sp|A7ZHR0|EFTS_ECO24 Elongation factor Ts OS=Escherichia coli O139:H28 (strain E24377A / ETEC) OX=331111 GN=tsf PE=3 SV=1 | G12: 1408.429 | H12: true | I12: 2 | J12: 20 | K12: 0 | L12: 79.51 | M12: 30422 | N12: 22 | O12: 29 | P12: 29 | Q12: 32 | R12: 32 | S12: 2188 | T12: 2188 | U12: 32 | V12: 19 | W12: 21 | X12: 25 | Y12: 30 | Z12: 31 | AA12: 32 | AB12: 32 | AC12: 30 | AD12: 113 | AE12: 123 | AF12: 307 | AG12: 320 | AH12: 300 | AI12: 301 | AJ12: 352 | AK12: 372 | AL12: 1642401664 | AM12: 1692480896 | AN12: 4594163712 | AO12: 6371596288 | AP12: 3258672128 | AQ12: 3650570496 | AR12: 2917267712 | AS12: 3569909504 | AT12: 732026432 | AU12: 996123264 | AV12: 1849008384 | AW12: 2474083328 | AX12: 2178059008 | AY12: 2500052480 | AZ12: 2241334528 | BA12: 2165370624
A13: 16737 | B13: RS5_ECO24 | C13: rpsE | D13: RS5_ECO24; RS5_ECO57; RS5_ECOHS; RS5_ECOK1; RS5_ECOL5; RS5_ECOL6; RS5_ECOLC; RS5_ECOLI; RS5_ECOUT | F13: sp|A7ZSJ2|RS5_ECO24 30S ribosomal protein S5 OS=Escherichia coli O139:H28 (strain E24377A / ETEC) OX=331111 GN=rpsE PE=3 SV=1 | G13: 1252.137 | H13: true | I13: 2 | J13: 9 | K13: 0 | L13: 89.22 | M13: 17603 | N13: 13 | O13: 18 | P13: 18 | Q13: 23 | R13: 23 | S13: 4797 | T13: 4797 | U13: 23 | V13: 19 | W13: 18 | X13: 22 | Y13: 22 | Z13: 21 | AA13: 22 | AB13: 22 | AC13: 21 | AD13: 523 | AE13: 549 | AF13: 644 | AG13: 561 | AH13: 621 | AI13: 642 | AJ13: 656 | AK13: 601 | AL13: 7071316992 | AM13: 6641914368 | AN13: 8185460224 | AO13: 9775966208 | AP13: 6440173056 | AQ13: 6412802048 | AR13: 6046216704 | AS13: 5565711360 | AT13: 6280121344 | AU13: 6161567744 | AV13: 5487814656 | AW13: 5186496000 | AX13: 5156470272 | AY13: 4752842752 | AZ13: 4428551168 | BA13: 3464333824
A14: 16742 | B14: RS3_ECO24 | C14: rpsC | D14: RS3_ECO24; RS3_ECO27; RS3_ECO45; RS3_ECO55; RS3_ECO57; RS3_ECO5E; RS3_ECO7I; RS3_ECO81; RS3_ECO8A; RS3_ECOBW; RS3_ECOHS; RS3_ECOK1; RS3_ECOL5; RS3_ECOL6; RS3_ECOLC; RS3_ECOLI; RS3_ECOLU; RS3_ECOSE; RS3_ECOSM; RS3_ECOUT | F14: sp|A7ZSK3|RS3_ECO24 30S ribosomal protein S3 OS=Escherichia coli O139:H28 (strain E24377A / ETEC) OX=331111 GN=rpsC PE=3 SV=1 | G14: 1217.084 | H14: true | I14: 2 | J14: 20 | K14: 0 | L14: 88.84 | M14: 25982 | N14: 16 | O14: 34 | P14: 34 | Q14: 35 | R14: 35 | S14: 3561 | T14: 3561 | U14: 35 | V14: 21 | W14: 20 | X14: 31 | Y14: 34 | Z14: 31 | AA14: 32 | AB14: 34 | AC14: 31 | AD14: 404 | AE14: 373 | AF14: 536 | AG14: 483 | AH14: 490 | AI14: 462 | AJ14: 466 | AK14: 347 | AL14: 5245452800 | AM14: 4679107072 | AN14: 6963904512 | AO14: 8632132608 | AP14: 5210189824 | AQ14: 5380754432 | AR14: 5292330496 | AS14: 4930893312 | AT14: 3480246784 | AU14: 2969474560 | AV14: 4303929856 | AW14: 4888607744 | AX14: 4095766784 | AY14: 3790770176 | AZ14: 4220770560 | BA14: 3097070336
A15: 16671 | B15: SYL_ECOBW | C15: leuS | D15: SYL_ECOBW; SYL_ECOLI | E15: SYL_ECO24; SYL_ECO27; SYL_ECO45; SYL_ECO55; SYL_ECO57; SYL_ECO5E; SYL_ECO7I; SYL_ECO81; SYL_ECO8A; SYL_ECOHS; SYL_ECOK1; SYL_ECOL5; SYL_ECOL6; SYL_ECOLC; SYL_ECOLU; SYL_ECOSE; SYL_ECOSM; SYL_ECOUT | F15: sp|C4ZWC9|SYL_ECOBW Leucine--tRNA ligase OS=Escherichia coli (strain K12 / MC4100 / BW2952) OX=595496 GN=leuS PE=3 SV=1 | G15: 1202.302 | H15: true | I15: 2 | J15: 2 | K15: 18 | L15: 48.37 | M15: 97232 | N15: 52 | O15: 34 | P15: 34 | Q15: 34 | R15: 34 | S15: 254 | T15: 254 | U15: 34 | V15: 26 | W15: 26 | X15: 31 | Y15: 33 | Z15: 33 | AA15: 33 | AB15: 33 | AC15: 33 | AD15: 27 | AE15: 25 | AF15: 24 | AG15: 29 | AH15: 33 | AI15: 42 | AJ15: 36 | AK15: 38 | AL15: 109123688 | AM15: 89564744 | AN15: 153752624 | AO15: 230466688 | AP15: 194136800 | AQ15: 237017424 | AR15: 176371696 | AS15: 243219632 | AT15: 95918464 | AU15: 95487064 | AV15: 80871112 | AW15: 85934120 | AX15: 135479568 | AY15: 147728016 | AZ15: 101923416 | BA15: 132912184
A16: 16872 | B16: PSS_ECOLI | C16: pssA | D16: PSS_ECOLI | F16: sp|P23830|PSS_ECOLI CDP-diacylglycerol--serine O-phosphatidyltransferase OS=Escherichia coli (strain K12) OX=83333 GN=pssA PE=1 SV=2 | G16: 1173.167 | H16: true | I16: 2 | J16: 1 | K16: 0 | L16: 63.41 | M16: 52801 | N16: 29 | O16: 25 | P16: 25 | Q16: 26 | R16: 26 | S16: 1362 | T16: 1362 | U16: 26 | V16: 21 | W16: 21 | X16: 23 | Y16: 26 | Z16: 25 | AA16: 22 | AB16: 26 | AC16: 26 | AD16: 141 | AE16: 183 | AF16: 236 | AG16: 170 | AH16: 109 | AI16: 102 | AJ16: 197 | AK16: 224 | AL16: 838305728 | AM16: 837583744 | AN16: 1681263232 | AO16: 2051321088 | AP16: 522160192 | AQ16: 554441728 | AR16: 1360577152 | AS16: 1502067456 | AT16: 764708160 | AU16: 842193728 | AV16: 885238464 | AW16: 875286592 | AX16: 359320576 | AY16: 345878272 | AZ16: 790283648 | BA16: 802509760
A17: 16779 | B17: SYP_ECOBW | C17: proS | D17: SYP_ECOBW; SYP_ECODH; SYP_ECOLI | E17: SYP_ECO24; SYP_ECO27; SYP_ECO45; SYP_ECO55; SYP_ECO57; SYP_ECO5E; SYP_ECO7I; SYP_ECO81; SYP_ECO8A; SYP_ECOHS; SYP_ECOK1; SYP_ECOL5; SYP_ECOL6; SYP_ECOLC; SYP_ECOLU; SYP_ECOSE; SYP_ECOSM; SYP_ECOUT | F17: sp|C4ZRT7|SYP_ECOBW Proline--tRNA ligase OS=Escherichia coli (strain K12 / MC4100 / BW2952) OX=595496 GN=proS PE=3 SV=1 | G17: 1142.589 | H17: true | I17: 2 | J17: 3 | K17: 18 | L17: 60.84 | M17: 63691 | N17: 33 | O17: 26 | P17: 26 | Q17: 26 | R17: 26 | S17: 245 | T17: 245 | U17: 26 | V17: 20 | W17: 20 | X17: 22 | Y17: 26 | Z17: 26 | AA17: 26 | AB17: 26 | AC17: 25 | AD17: 24 | AE17: 21 | AF17: 19 | AG17: 25 | AH17: 39 | AI17: 40 | AJ17: 36 | AK17: 40 | AL17: 101240480 | AM17: 98601432 | AN17: 171332816 | AO17: 230267088 | AP17: 222598512 | AQ17: 262031712 | AR17: 210467728 | AS17: 262177824 | AT17: 104659480 | AU17: 100922568 | AV17: 85363408 | AW17: 85854120 | AX17: 152305568 | AY17: 162252400 | AZ17: 121819408 | BA17: 146981344
A18: 16801 | B18: SYV_ECO57 | C18: valS | D18: SYV_ECO57; SYV_ECOLI | E18: SYV_ECOL6 | F18: sp|Q8XCB3|SYV_ECO57 Valine--tRNA ligase OS=Escherichia coli O157:H7 OX=83334 GN=valS PE=3 SV=1 | G18: 1091.88 | H18: true | I18: 2 | J18: 2 | K18: 1 | L18: 37.43 | M18: 108177 | N18: 64 | O18: 31 | P18: 31 | Q18: 31 | R18: 31 | S18: 276 | T18: 276 | U18: 31 | V18: 24 | W18: 23 | X18: 28 | Y18: 31 | Z18: 28 | AA18: 31 | AB18: 30 | AC18: 31 | AD18: 26 | AE18: 18 | AF18: 31 | AG18: 41 | AH18: 39 | AI18: 43 | AJ18: 35 | AK18: 43 | AL18: 156814736 | AM18: 153096832 | AN18: 237295184 | AO18: 331544288 | AP18: 257720736 | AQ18: 317166336 | AR18: 255095568 | AS18: 312434016 | AT18: 159970832 | AU18: 163451408 | AV18: 113508192 | AW18: 124947224 | AX18: 164180672 | AY18: 187702000 | AZ18: 143508816 | BA18: 161858832
A19: 16676 | B19: MIND_ECO57 | C19: minD | D19: MIND_ECO57; MIND_ECOL6; MIND_ECOLI | F19: sp|P0AEZ5|MIND_ECO57 Septum site-determining protein MinD OS=Escherichia coli O157:H7 OX=83334 GN=minD PE=3 SV=2 | G19: 1057.362 | H19: true | I19: 2 | J19: 3 | K19: 0 | L19: 62.96 | M19: 29613 | N19: 16 | O19: 20 | P19: 20 | Q19: 22 | R19: 22 | S19: 4057 | T19: 4057 | U19: 22 | V19: 19 | W19: 21 | X19: 20 | Y19: 21 | Z19: 21 | AA19: 21 | AB19: 22 | AC19: 22 | AD19: 450 | AE19: 460 | AF19: 450 | AG19: 421 | AH19: 376 | AI19: 387 | AJ19: 754 | AK19: 759 | AL19: 6125257216 | AM19: 5309486080 | AN19: 5856991232 | AO19: 5914333696 | AP19: 3023700992 | AQ19: 3240923904 | AR19: 7933167616 | AS19: 8054853120 | AT19: 5361149440 | AU19: 5321134080 | AV19: 2874567168 | AW19: 2178234368 | AX19: 1930479232 | AY19: 1867681536 | AZ19: 5432747008 | BA19: 5265046016
A20: 16669 | B20: RL7_ECO24 | C20: rplL | D20: RL7_ECO24; RL7_ECO27; RL7_ECO45; RL7_ECO55; RL7_ECO57; RL7_ECO5E; RL7_ECO7I; RL7_ECO8A; RL7_ECOBW; RL7_ECODH; RL7_ECOHS; RL7_ECOL5; RL7_ECOL6; RL7_ECOLC; RL7_ECOLI; RL7_ECOLU; RL7_ECOSE; RL7_ECOSM; RL7_ECOUT | E20: RL7_ECO81 | F20: sp|A7ZUK0|RL7_ECO24 50S ribosomal protein L7/L12 OS=Escherichia coli O139:H28 (strain E24377A / ETEC) OX=331111 GN=rplL PE=3 SV=1 | G20: 1027.765 | H20: true | I20: 2 | J20: 19 | K20: 1 | L20: 87.6 | M20: 12295 | N20: 8 | O20: 14 | P20: 14 | Q20: 18 | R20: 18 | S20: 5597 | T20: 5597 | U20: 18 | V20: 13 | W20: 13 | X20: 17 | Y20: 16 | Z20: 17 | AA20: 17 | AB20: 18 | AC20: 18 | AD20: 512 | AE20: 649 | AF20: 794 | AG20: 737 | AH20: 739 | AI20: 747 | AJ20: 759 | AK20: 660 | AL20: 5575203328 | AM20: 5414010368 | AN20: 7386821120 | AO20: 8355008000 | AP20: 5672336384 | AQ20: 5816019968 | AR20: 5833744896 | AS20: 4962781696 | AT20: 1867452032 | AU20: 2663020800 | AV20: 4525495296 | AW20: 4177560576 | AX20: 6347730432 | AY20: 4584872448 | AZ20: 5313876480 | BA20: 3311430144
A21: 16678 | B21: RS2_ECO27 | C21: rpsB | D21: RS2_ECO27; RS2_ECO45; RS2_ECO57; RS2_ECO5E; RS2_ECO7I; RS2_ECO81; RS2_ECOBW; RS2_ECODH; RS2_ECOK1; RS2_ECOL5; RS2_ECOL6; RS2_ECOLC; RS2_ECOLI; RS2_ECOLU; RS2_ECOSM; RS2_ECOUT | E21: RS2_ECO24; RS2_ECO55; RS2_ECO8A; RS2_ECOHS; RS2_ECOSE | F21: sp|B7UIL4|RS2_ECO27 30S ribosomal protein S2 OS=Escherichia coli O127:H6 (strain E2348/69 / EPEC) OX=574521 GN=rpsB PE=3 SV=1 | G21: 1023.016 | H21: true | I21: 2 | J21: 16 | K21: 5 | L21: 80.08 | M21: 26743 | N21: 14 | O21: 22 | P21: 22 | Q21: 26 | R21: 26 | S21: 5426 | T21: 5426 | U21: 26 | V21: 20 | W21: 21 | X21: 24 | Y21: 25 | Z21: 24 | AA21: 25 | AB21: 26 | AC21: 25 | AD21: 589 | AE21: 595 | AF21: 719 | AG21: 688 | AH21: 756 | AI21: 730 | AJ21: 701 | AK21: 648 | AL21: 4586444288 | AM21: 3979266560 | AN21: 6100925952 | AO21: 7539854848 | AP21: 4474926592 | AQ21: 4432740352 | AR21: 4074432768 | AS21: 3596506112 | AT21: 3584189696 | AU21: 3338498304 | AV21: 3536885760 | AW21: 3542478336 | AX21: 3013306112 | AY21: 2943471872 | AZ21: 2841422080 | BA21: 2072940672
A22: 16855 | B22: ODP1_ECO57 | C22: aceE | D22: ODP1_ECO57; ODP1_ECOLI | F22: sp|P0AFG9|ODP1_ECO57 Pyruvate dehydrogenase E1 component OS=Escherichia coli O157:H7 OX=83334 GN=aceE PE=1 SV=2 | G22: 1010.318 | H22: true | I22: 2 | J22: 2 | K22: 0 | L22: 45.21 | M22: 99667 | N22: 55 | O22: 33 | P22: 33 | Q22: 33 | R22: 33 | S22: 206 | T22: 206 | U22: 33 | V22: 26 | W22: 23 | X22: 32 | Y22: 33 | Z22: 33 | AA22: 31 | AB22: 32 | AC22: 32 | AD22: 18 | AE22: 11 | AF22: 35 | AG22: 32 | AH22: 29 | AI22: 28 | AJ22: 24 | AK22: 29 | AL22: 75328600 | AM22: 57794212 | AN22: 254824096 | AO22: 306221056 | AP22: 143047744 | AQ22: 147530512 | AR22: 136003472 | AS22: 147875792 | AT22: 76201464 | AU22: 58752148 | AV22: 128482800 | AW22: 108234560 | AX22: 90895928 | AY22: 87472816 | AZ22: 75445088 | BA22: 73674112
A23: 16834 | B23: TERM_BPPH2 | C23: 3 | D23: TERM_BPPH2 | F23: sp|P03681|TERM_BPPH2 Primer terminal protein OS=Bacillus phage phi29 OX=2884424 GN=3 PE=1 SV=1 | G23: 989.626 | H23: true | I23: 2 | J23: 1 | K23: 0 | L23: 72.56 | M23: 31048 | N23: 16 | O23: 20 | P23: 20 | Q23: 20 | R23: 20 | S23: 1059 | T23: 1059 | U23: 20 | V23: 16 | W23: 16 | X23: 19 | Y23: 20 | Z23: 18 | AA23: 19 | AB23: 20 | AC23: 20 | AD23: 121 | AE23: 117 | AF23: 195 | AG23: 133 | AH23: 82 | AI23: 74 | AJ23: 154 | AK23: 183 | AL23: 690151168 | AM23: 571848384 | AN23: 1476163584 | AO23: 1554743552 | AP23: 345881856 | AQ23: 369629120 | AR23: 1031865280 | AS23: 1257675520 | AT23: 505644512 | AU23: 426261984 | AV23: 711247872 | AW23: 695637120 | AX23: 250216752 | AY23: 256954240 | AZ23: 713439168 | BA23: 780376960
A24: 16677 | B24: RF3_ECO24 | C24: prfC | D24: RF3_ECO24; RF3_ECO27; RF3_ECO55; RF3_ECO57; RF3_ECO5E; RF3_ECO81; RF3_ECOBW; RF3_ECODH; RF3_ECOHS; RF3_ECOK1; RF3_ECOL6; RF3_ECOLC; RF3_ECOLI; RF3_ECOLU; RF3_ECOSE; RF3_ECOSM; RF3_ECOUT | E24: RF3_ECO8A | F24: sp|A7ZVR5|RF3_ECO24 Peptide chain release factor 3 OS=Escherichia coli O139:H28 (strain E24377A / ETEC) OX=331111 GN=prfC PE=3 SV=1 | G24: 988.246 | H24: true | I24: 2 | J24: 17 | K24: 1 | L24: 44.23 | M24: 59589 | N24: 28 | O24: 22 | P24: 22 | Q24: 22 | R24: 22 | S24: 408 | T24: 408 | U24: 22 | V24: 16 | W24: 16 | X24: 20 | Y24: 22 | Z24: 20 | AA24: 21 | AB24: 21 | AC24: 21 | AD24: 24 | AE24: 29 | AF24: 59 | AG24: 84 | AH24: 68 | AI24: 60 | AJ24: 37 | AK24: 47 | AL24: 119175520 | AM24: 90142552 | AN24: 429323392 | AO24: 579661824 | AP24: 233436576 | AQ24: 268165440 | AR24: 211990432 | AS24: 254826256 | AT24: 124415016 | AU24: 98738352 | AV24: 242593008 | AW24: 275027456 | AX24: 224534000 | AY24: 235998368 | AZ24: 167764048 | BA24: 190418848
A25: 16655 | B25: RS7_ECOBW | C25: rpsG | D25: RS7_ECOBW; RS7_ECODH; RS7_ECOLI | E25: RS7_ECO24; RS7_ECO27; RS7_ECO45; RS7_ECO55; RS7_ECO57; RS7_ECO5E; RS7_ECO7I; RS7_ECO81; RS7_ECO8A; RS7_ECOHS; RS7_ECOK1; RS7_ECOL5; RS7_ECOL6; RS7_ECOLC; RS7_ECOLU; RS7_ECOSE; RS7_ECOSM; RS7_ECOUT | F25: sp|C4ZUJ6|RS7_ECOBW 30S ribosomal protein S7 OS=Escherichia coli (strain K12 / MC4100 / BW2952) OX=595496 GN=rpsG PE=3 SV=1 | G25: 963.729 | H25: true | I25: 2 | J25: 3 | K25: 18 | L25: 83.24 | M25: 20018 | N25: 14 | O25: 24 | P25: 24 | Q25: 26 | R25: 26 | S25: 4721 | T25: 4721 | U25: 26 | V25: 19 | W25: 22 | X25: 24 | Y25: 26 | Z25: 25 | AA25: 24 | AB25: 26 | AC25: 24 | AD25: 486 | AE25: 503 | AF25: 595 | AG25: 667 | AH25: 667 | AI25: 616 | AJ25: 612 | AK25: 575 | AL25: 5470430720 | AM25: 5260189696 | AN25: 6626149376 | AO25: 8417418240 | AP25: 5165466624 | AQ25: 5470114816 | AR25: 5073891840 | AS25: 5231333376 | AT25: 4026620160 | AU25: 3849208064 | AV25: 3760369152 | AW25: 4424702976 | AX25: 4026620160 | AY25: 3735573760 | AZ25: 3784062976 | BA25: 3198250240
A26: 16778 | B26: RL2_ECO24 | C26: rplB | D26: RL2_ECO24; RL2_ECO27; RL2_ECO45; RL2_ECO55; RL2_ECO57; RL2_ECO5E; RL2_ECO7I; RL2_ECO81; RL2_ECO8A; RL2_ECOBW; RL2_ECODH; RL2_ECOHS; RL2_ECOK1; RL2_ECOL5; RL2_ECOL6; RL2_ECOLC; RL2_ECOLI; RL2_ECOLU; RL2_ECOSE; RL2_ECOSM; RL2_ECOUT | F26: sp|A7ZSK6|RL2_ECO24 50S ribosomal protein L2 OS=Escherichia coli O139:H28 (strain E24377A / ETEC) OX=331111 GN=rplB PE=3 SV=1 | G26: 949.521 | H26: true | I26: 2 | J26: 21 | K26: 0 | L26: 75.82 | M26: 29860 | N26: 18 | O26: 26 | P26: 26 | Q26: 27 | R26: 27 | S26: 1600 | T26: 1600 | U26: 27 | V26: 20 | W26: 21 | X26: 21 | Y26: 25 | Z26: 23 | AA26: 22 | AB26: 25 | AC26: 26 | AD26: 252 | AE26: 271 | AF26: 171 | AG26: 189 | AH26: 193 | AI26: 202 | AJ26: 166 | AK26: 156 | AL26: 1225583744 | AM26: 1618680704 | AN26: 1366115072 | AO26: 2040406656 | AP26: 918845248 | AQ26: 1290439808 | AR26: 1267096576 | AS26: 998277312 | AT26: 1290060416 | AU26: 1734891776 | AV26: 663920384 | AW26: 960637376 | AX26: 734403968 | AY26: 884093376 | AZ26: 889290368 | BA26: 661069952
A27: 16757 | B27: RL5_ECO24 | C27: rplE | D27: RL5_ECO24; RL5_ECO27; RL5_ECO45; RL5_ECO55; RL5_ECO57; RL5_ECO5E; RL5_ECO7I; RL5_ECO81; RL5_ECO8A; RL5_ECOBW; RL5_ECODH; RL5_ECOHS; RL5_ECOK1; RL5_ECOL5; RL5_ECOL6; RL5_ECOLC; RL5_ECOLI; RL5_ECOLU; RL5_ECOSE; RL5_ECOSM; RL5_ECOUT | F27: sp|A7ZSJ7|RL5_ECO24 50S ribosomal protein L5 OS=Escherichia coli O139:H28 (strain E24377A / ETEC) OX=331111 GN=rplE PE=3 SV=1 | G27: 947.812 | H27: true | I27: 2 | J27: 21 | K27: 0 | L27: 87.15 | M27: 20301 | N27: 13 | O27: 21 | P27: 21 | Q27: 22 | R27: 22 | S27: 1113 | T27: 1113 | U27: 22 | V27: 17 | W27: 17 | X27: 17 | Y27: 22 | Z27: 21 | AA27: 20 | AB27: 21 | AC27: 20 | AD27: 236 | AE27: 252 | AF27: 76 | AG27: 112 | AH27: 116 | AI27: 127 | AJ27: 105 | AK27: 89 | AL27: 1191142528 | AM27: 1033377536 | AN27: 832164864 | AO27: 1331694976 | AP27: 919053440 | AQ27: 1114256768 | AR27: 1035159232 | AS27: 881934016 | AT27: 966216192 | AU27: 1021637248 | AV27: 489213568 | AW27: 622743104 | AX27: 719437312 | AY27: 767552064 | AZ27: 700527616 | BA27: 538257984
A28: 16750 | B28: RS4_ECO24 | C28: rpsD | D28: RS4_ECO24; RS4_ECO27; RS4_ECO45; RS4_ECO55; RS4_ECO57; RS4_ECO5E; RS4_ECO7I; RS4_ECO81; RS4_ECO8A; RS4_ECOBW; RS4_ECODH; RS4_ECOHS; RS4_ECOK1; RS4_ECOL5; RS4_ECOL6; RS4_ECOLC; RS4_ECOLI; RS4_ECOLU; RS4_ECOSE; RS4_ECOSM; RS4_ECOUT | F28: sp|A7ZSI5|RS4_ECO24 30S ribosomal protein S4 OS=Escherichia coli O139:H28 (strain E24377A / ETEC) OX=331111 GN=rpsD PE=3 SV=1 | G28: 908.494 | H28: true | I28: 2 | J28: 21 | K28: 0 | L28: 80.58 | M28: 23468 | N28: 14 | O28: 22 | P28: 22 | Q28: 24 | R28: 24 | S28: 3694 | T28: 3694 | U28: 24 | V28: 17 | W28: 17 | X28: 24 | Y28: 24 | Z28: 24 | AA28: 24 | AB28: 23 | AC28: 22 | AD28: 455 | AE28: 490 | AF28: 466 | AG28: 468 | AH28: 473 | AI28: 468 | AJ28: 383 | AK28: 491 | AL28: 8129657856 | AM28: 7942187520 | AN28: 7326640640 | AO28: 9000622080 | AP28: 4889567744 | AQ28: 4931318784 | AR28: 4019471360 | AS28: 5554583552 | AT28: 8084281344 | AU28: 7500784128 | AV28: 3716151296 | AW28: 4107075072 | AX28: 3662341120 | AY28: 3166458112 | AZ28: 2509748736 | BA28: 2923160064
A29: 16734 | B29: SYM_ECO24 | C29: metG | D29: SYM_ECO24; SYM_ECO55; SYM_ECO7I; SYM_ECO81; SYM_ECO8A; SYM_ECOBW; SYM_ECODH; SYM_ECOL5; SYM_ECOLI; SYM_ECOSE; SYM_ECOSM | E29: SYM_ECO27; SYM_ECO45; SYM_ECO57; SYM_ECO5E; SYM_ECOHS; SYM_ECOK1; SYM_ECOL6; SYM_ECOLC; SYM_ECOLU; SYM_ECOUT | F29: sp|A7ZNT3|SYM_ECO24 Methionine--tRNA ligase OS=Escherichia coli O139:H28 (strain E24377A / ETEC) OX=331111 GN=metG PE=3 SV=1 | G29: 898.193 | H29: true | I29: 2 | J29: 11 | K29: 10 | L29: 43.87 | M29: 76239 | N29: 41 | O29: 25 | P29: 25 | Q29: 25 | R29: 25 | S29: 173 | T29: 173 | U29: 25 | V29: 18 | W29: 18 | X29: 22 | Y29: 24 | Z29: 24 | AA29: 24 | AB29: 24 | AC29: 24 | AD29: 14 | AE29: 13 | AF29: 14 | AG29: 21 | AH29: 28 | AI29: 29 | AJ29: 26 | AK29: 28 | AL29: 86954968 | AM29: 65090004 | AN29: 119472984 | AO29: 177192640 | AP29: 158512992 | AQ29: 201945104 | AR29: 150822896 | AS29: 195734496 | AT29: 96694328 | AU29: 81769120 | AV29: 64925888 | AW29: 65452608 | AX29: 101273544 | AY29: 119423672 | AZ29: 88231032 | BA29: 99981312
A30: 16684 | B30: SYC_ECOBW | C30: cysS | D30: SYC_ECOBW; SYC_ECODH; SYC_ECOLI | E30: SYC_ECO24; SYC_ECO27; SYC_ECO45; SYC_ECO55; SYC_ECO57; SYC_ECO5E; SYC_ECO7I; SYC_ECO81; SYC_ECO8A; SYC_ECOHS; SYC_ECOK1; SYC_ECOL5; SYC_ECOL6; SYC_ECOLC; SYC_ECOLU; SYC_ECOSE; SYC_ECOSM; SYC_ECOUT | F30: sp|C4ZUX4|SYC_ECOBW Cysteine--tRNA ligase OS=Escherichia coli (strain K12 / MC4100 / BW2952) OX=595496 GN=cysS PE=3 SV=1 | G30: 871.639 | H30: true | I30: 2 | J30: 3 | K30: 18 | L30: 55.75 | M30: 52201 | N30: 25 | O30: 21 | P30: 21 | Q30: 21 | R30: 21 | S30: 264 | T30: 264 | U30: 21 | V30: 16 | W30: 17 | X30: 19 | Y30: 20 | Z30: 20 | AA30: 21 | AB30: 20 | AC30: 21 | AD30: 27 | AE30: 25 | AF30: 25 | AG30: 28 | AH30: 37 | AI30: 42 | AJ30: 40 | AK30: 40 | AL30: 122426048 | AM30: 118409304 | AN30: 210657648 | AO30: 286984320 | AP30: 221586944 | AQ30: 267526416 | AR30: 239209984 | AS30: 264647424 | AT30: 131149536 | AU30: 119454624 | AV30: 106470216 | AW30: 98273496 | AX30: 150098368 | AY30: 170119440 | AZ30: 142651472 | BA30: 138664992
A31: 16794 | B31: RRF_ECO24 | C31: frr | D31: RRF_ECO24; RRF_ECO27; RRF_ECO45; RRF_ECO55; RRF_ECO57; RRF_ECO5E; RRF_ECO7I; RRF_ECO81; RRF_ECO8A; RRF_ECOBW; RRF_ECODH; RRF_ECOHS; RRF_ECOL5; RRF_ECOL6; RRF_ECOLC; RRF_ECOLI; RRF_ECOLU; RRF_ECOSE; RRF_ECOSM; RRF_ECOUT | F31: sp|A7ZHR2|RRF_ECO24 Ribosome-recycling factor OS=Escherichia coli O139:H28 (strain E24377A / ETEC) OX=331111 GN=frr PE=3 SV=1 | G31: 869.397 | H31: true | I31: 2 | J31: 20 | K31: 0 | L31: 65.41 | M31: 20638 | N31: 14 | O31: 18 | P31: 18 | Q31: 22 | R31: 22 | S31: 2308 | T31: 2308 | U31: 22 | V31: 20 | W31: 20 | X31: 21 | Y31: 22 | Z31: 21 | AA31: 22 | AB31: 21 | AC31: 21 | AD31: 204 | AE31: 188 | AF31: 353 | AG31: 328 | AH31: 311 | AI31: 337 | AJ31: 287 | AK31: 300 | AL31: 1703096960 | AM31: 1500184320 | AN31: 5738438144 | AO31: 6905111040 | AP31: 3309444608 | AQ31: 3634151680 | AR31: 3136047360 | AS31: 3305489920 | AT31: 1476009216 | AU31: 1301302784 | AV31: 2981579008 | AW31: 2507820800 | AX31: 2302728960 | AY31: 2246641408 | AZ31: 1875733376 | BA31: 1707115776
A32: 16710 | B32: RL3_ECO24 | C32: rplC | D32: RL3_ECO24; RL3_ECO27; RL3_ECO45; RL3_ECO55; RL3_ECO57; RL3_ECO5E; RL3_ECO7I; RL3_ECO81; RL3_ECO8A; RL3_ECOBW; RL3_ECODH; RL3_ECOHS; RL3_ECOK1; RL3_ECOL5; RL3_ECOL6; RL3_ECOLC; RL3_ECOLI; RL3_ECOLU; RL3_ECOSE; RL3_ECOSM; RL3_ECOUT | F32: sp|A7ZSK9|RL3_ECO24 50S ribosomal protein L3 OS=Escherichia coli O139:H28 (strain E24377A / ETEC) OX=331111 GN=rplC PE=3 SV=1 | G32: 868.697 | H32: true | I32: 2 | J32: 21 | K32: 0 | L32: 75.6 | M32: 22243 | N32: 16 | O32: 23 | P32: 23 | Q32: 24 | R32: 24 | S32: 1007 | T32: 1007 | U32: 24 | V32: 21 | W32: 18 | X32: 21 | Y32: 24 | Z32: 23 | AA32: 22 | AB32: 21 | AC32: 22 | AD32: 186 | AE32: 209 | AF32: 88 | AG32: 95 | AH32: 117 | AI32: 114 | AJ32: 109 | AK32: 89 | AL32: 900094336 | AM32: 936051840 | AN32: 630087040 | AO32: 915666880 | AP32: 650995968 | AQ32: 560314176 | AR32: 518146528 | AS32: 599881152 | AT32: 889682368 | AU32: 890345984 | AV32: 463822208 | AW32: 478901472 | AX32: 576887488 | AY32: 524078688 | AZ32: 488045440 | BA32: 384132416
A33: 16675 | B33: SYH_ECO24 | C33: hisS | D33: SYH_ECO24; SYH_ECO45; SYH_ECO55; SYH_ECO57; SYH_ECO5E; SYH_ECO7I; SYH_ECO81; SYH_ECO8A; SYH_ECOBW; SYH_ECODH; SYH_ECOHS; SYH_ECOK1; SYH_ECOL5; SYH_ECOL6; SYH_ECOLC; SYH_ECOLI; SYH_ECOSM; SYH_ECOUT | E33: SYH_ECO27; SYH_ECOLU; SYH_ECOSE | F33: sp|A7ZPV7|SYH_ECO24 Histidine--tRNA ligase OS=Escherichia coli O139:H28 (strain E24377A / ETEC) OX=331111 GN=hisS PE=3 SV=1 | G33: 828.035 | H33: true | I33: 2 | J33: 18 | K33: 3 | L33: 57.31 | M33: 47028 | N33: 29 | O33: 20 | P33: 20 | Q33: 20 | R33: 20 | S33: 264 | T33: 264 | U33: 20 | V33: 18 | W33: 17 | X33: 18 | Y33: 20 | Z33: 20 | AA33: 20 | AB33: 20 | AC33: 20 | AD33: 23 | AE33: 23 | AF33: 34 | AG33: 27 | AH33: 40 | AI33: 40 | AJ33: 38 | AK33: 39 | AL33: 122627664 | AM33: 122738840 | AN33: 203514896 | AO33: 319699456 | AP33: 238356512 | AQ33: 276944544 | AR33: 257921328 | AS33: 292392256 | AT33: 119050800 | AU33: 122989912 | AV33: 115215736 | AW33: 128647920 | AX33: 167511760 | AY33: 185030304 | AZ33: 158609552 | BA33: 158355248
A34: 16681 | B34: RL4_ECO24 | C34: rplD | D34: RL4_ECO24; RL4_ECO27; RL4_ECO45; RL4_ECO55; RL4_ECO57; RL4_ECO5E; RL4_ECO7I; RL4_ECO81; RL4_ECO8A; RL4_ECOBW; RL4_ECODH; RL4_ECOHS; RL4_ECOK1; RL4_ECOL5; RL4_ECOL6; RL4_ECOLC; RL4_ECOLI; RL4_ECOLU; RL4_ECOSE; RL4_ECOSM; RL4_ECOUT | F34: sp|A7ZSK8|RL4_ECO24 50S ribosomal protein L4 OS=Escherichia coli O139:H28 (strain E24377A / ETEC) OX=331111 GN=rplD PE=3 SV=1 | G34: 827.349 | H34: true | I34: 2 | J34: 21 | K34: 0 | L34: 85.07 | M34: 22086 | N34: 13 | O34: 23 | P34: 23 | Q34: 23 | R34: 23 | S34: 1090 | T34: 1090 | U34: 23 | V34: 19 | W34: 14 | X34: 18 | Y34: 22 | Z34: 22 | AA34: 22 | AB34: 22 | AC34: 22 | AD34: 144 | AE34: 171 | AF34: 104 | AG34: 102 | AH34: 150 | AI34: 175 | AJ34: 139 | AK34: 105 | AL34: 656609408 | AM34: 752035136 | AN34: 630178048 | AO34: 904934848 | AP34: 487044576 | AQ34: 703154048 | AR34: 652245056 | AS34: 542568768 | AT34: 619550592 | AU34: 545093312 | AV34: 305419360 | AW34: 330738176 | AX34: 438251136 | AY34: 498701152 | AZ34: 448053376 | BA34: 334860064
A35: 16767 | B35: PSD_ECO24 | C35: psd | D35: PSD_ECO24; PSD_ECO57; PSD_ECO5E; PSD_ECO81; PSD_ECO8A; PSD_ECOBW; PSD_ECODH; PSD_ECOL5; PSD_ECOL6; PSD_ECOLC; PSD_ECOLI; PSD_ECOLU; PSD_ECOSE; PSD_ECOSM | E35: PSD_ECO27; PSD_ECO45; PSD_ECO55; PSD_ECO7I; PSD_ECOHS; PSD_ECOUT | F35: sp|A7ZV31|PSD_ECO24 Phosphatidylserine decarboxylase proenzyme OS=Escherichia coli O139:H28 (strain E24377A / ETEC) OX=331111 GN=psd PE=3 SV=1 | G35: 792.821 | H35: true | I35: 2 | J35: 14 | K35: 6 | L35: 73.29 | M35: 35933 | N35: 16 | O35: 19 | P35: 19 | Q35: 19 | R35: 19 | S35: 680 | T35: 680 | U35: 19 | V35: 14 | W35: 15 | X35: 17 | Y35: 19 | Z35: 16 | AA35: 17 | AB35: 19 | AC35: 19 | AD35: 80 | AE35: 89 | AF35: 137 | AG35: 110 | AH35: 28 | AI35: 25 | AJ35: 92 | AK35: 119 | AL35: 516288576 | AM35: 457125344 | AN35: 969326464 | AO35: 1180957952 | AP35: 217027392 | AQ35: 249056128 | AR35: 868298176 | AS35: 936133760 | AT35: 420957920 | AU35: 426705216 | AV35: 549725632 | AW35: 485863552 | AX35: 141472784 | AY35: 150070752 | AZ35: 520868832 | BA35: 517507968
A36: 16823 | B36: SYFB_ECOL6 | C36: pheT | D36: SYFB_ECOL6; SYFB_ECOLI | E36: SYFB_ECO57 | F36: sp|P59664|SYFB_ECOL6 Phenylalanine--tRNA ligase beta subunit OS=Escherichia coli O6:H1 (strain CFT073 / ATCC 700928 / UPEC) OX=199310 GN=pheT PE=3 SV=1 | G36: 778.428 | H36: true | I36: 2 | J36: 2 | K36: 1 | L36: 37.61 | M36: 87361 | N36: 44 | O36: 25 | P36: 25 | Q36: 25 | R36: 25 | S36: 201 | T36: 201 | U36: 25 | V36: 17 | W36: 21 | X36: 23 | Y36: 24 | Z36: 25 | AA36: 24 | AB36: 25 | AC36: 25 | AD36: 21 | AE36: 16 | AF36: 23 | AG36: 26 | AH36: 34 | AI36: 32 | AJ36: 24 | AK36: 25 | AL36: 97841216 | AM36: 92632136 | AN36: 189294736 | AO36: 267710160 | AP36: 231859104 | AQ36: 262369712 | AR36: 262106256 | AS36: 283406336 | AT36: 111968344 | AU36: 107032896 | AV36: 100618184 | AW36: 98029096 | AX36: 156376800 | AY36: 163572128 | AZ36: 140308784 | BA36: 136645552
A37: 16797 | B37: RF1_ECO24 | C37: prfA | D37: RF1_ECO24; RF1_ECO45; RF1_ECO55; RF1_ECO57; RF1_ECO5E; RF1_ECO7I; RF1_ECO8A; RF1_ECOBW; RF1_ECODH; RF1_ECOHS; RF1_ECOK1; RF1_ECOL5; RF1_ECOL6; RF1_ECOLC; RF1_ECOLI; RF1_ECOLU; RF1_ECOSE; RF1_ECOSM; RF1_ECOUT | E37: RF1_ECO27; RF1_ECO81 | F37: sp|A7ZKY5|RF1_ECO24 Peptide chain release factor 1 OS=Escherichia coli O139:H28 (strain E24377A / ETEC) OX=331111 GN=prfA PE=3 SV=1 | G37: 745.083 | H37: true | I37: 2 | J37: 19 | K37: 2 | L37: 55.56 | M37: 40516 | N37: 25 | O37: 19 | P37: 19 | Q37: 19 | R37: 19 | S37: 384 | T37: 384 | U37: 19 | V37: 17 | W37: 18 | X37: 19 | Y37: 19 | Z37: 19 | AA37: 19 | AB37: 19 | AC37: 19 | AD37: 50 | AE37: 37 | AF37: 59 | AG37: 55 | AH37: 47 | AI37: 52 | AJ37: 42 | AK37: 42 | AL37: 190306752 | AM37: 163852192 | AN37: 857176128 | AO37: 949921024 | AP37: 433843360 | AQ37: 482306016 | AR37: 435015872 | AS37: 463481504 | AT37: 190217376 | AU37: 172384192 | AV37: 448740800 | AW37: 364812992 | AX37: 293536896 | AY37: 305062496 | AZ37: 242038320 | BA37: 236576048
A38: 16668 | B38: RF2_ECO27 | C38: prfB | D38: RF2_ECO27; RF2_ECO45; RF2_ECO55; RF2_ECO57; RF2_ECO7I; RF2_ECO81; RF2_ECOBW; RF2_ECODH; RF2_ECOL6; RF2_ECOLC; RF2_ECOLI; RF2_ECOLU; RF2_ECOSM | E38: RF2_ECO8A; RF2_ECOHS | F38: sp|B7UHU0|RF2_ECO27 Peptide chain release factor 2 OS=Escherichia coli O127:H6 (strain E2348/69 / EPEC) OX=574521 GN=prfB PE=3 SV=1 | G38: 739.2 | H38: true | I38: 2 | J38: 13 | K38: 2 | L38: 51.78 | M38: 41220 | N38: 21 | O38: 19 | P38: 19 | Q38: 19 | R38: 19 | S38: 206 | T38: 206 | U38: 19 | V38: 15 | W38: 15 | X38: 19 | Y38: 19 | Z38: 19 | AA38: 19 | AB38: 19 | AC38: 19 | AD38: 17 | AE38: 14 | AF38: 39 | AG38: 39 | AH38: 24 | AI38: 28 | AJ38: 22 | AK38: 23 | AL38: 148694592 | AM38: 138331168 | AN38: 655185472 | AO38: 702209472 | AP38: 325740064 | AQ38: 367741408 | AR38: 299380448 | AS38: 302445056 | AT38: 145689600 | AU38: 122465224 | AV38: 299210368 | AW38: 246892144 | AX38: 221551328 | AY38: 225319408 | AZ38: 174883328 | BA38: 169167856
A39: 16719 | B39: SYY_ECO24 | C39: tyrS | D39: SYY_ECO24; SYY_ECO57; SYY_ECO5E; SYY_ECO7I; SYY_ECOBW; SYY_ECODH; SYY_ECOHS; SYY_ECOLC; SYY_ECOLI; SYY_ECOLU; SYY_ECOSE; SYY_ECOSM | E39: SYY_ECO27; SYY_ECO45; SYY_ECO55; SYY_ECO81; SYY_ECO8A; SYY_ECOK1; SYY_ECOL6; SYY_ECOUT | F39: sp|A7ZM99|SYY_ECO24 Tyrosine--tRNA ligase OS=Escherichia coli O139:H28 (strain E24377A / ETEC) OX=331111 GN=tyrS PE=3 SV=1 | G39: 736.491 | H39: true | I39: 2 | J39: 12 | K39: 8 | L39: 43.63 | M39: 47526 | N39: 18 | O39: 14 | P39: 14 | Q39: 14 | R39: 14 | S39: 127 | T39: 127 | U39: 14 | V39: 8 | W39: 10 | X39: 11 | Y39: 13 | Z39: 12 | AA39: 13 | AB39: 12 | AC39: 13 | AD39: 5 | AE39: 11 | AF39: 12 | AG39: 17 | AH39: 21 | AI39: 25 | AJ39: 19 | AK39: 17 | AL39: 38033520 | AM39: 46154576 | AN39: 61492700 | AO39: 97263528 | AP39: 76370936 | AQ39: 96568496 | AR39: 90893000 | AS39: 104705560 | AT39: 22540424 | AU39: 41271940 | AV39: 40950716 | AW39: 49067524 | AX39: 68442144 | AY39: 79106120 | AZ39: 76352280 | BA39: 81159640
A40: 16698 | B40: SYI_ECO24 | C40: ileS | D40: SYI_ECO24; SYI_ECO55; SYI_ECO7I; SYI_ECO8A; SYI_ECOBW; SYI_ECODH; SYI_ECOHS; SYI_ECOLC; SYI_ECOLI; SYI_ECOLU; SYI_ECOSE; SYI_ECOSM | E40: SYI_ECO27; SYI_ECO45; SYI_ECO57; SYI_ECO5E; SYI_ECO81; SYI_ECOK1; SYI_ECOL5; SYI_ECOL6; SYI_ECOUT | F40: sp|A7ZHB5|SYI_ECO24 Isoleucine--tRNA ligase OS=Escherichia coli O139:H28 (strain E24377A / ETEC) OX=331111 GN=ileS PE=3 SV=1 | G40: 720.82 | H40: true | I40: 2 | J40: 12 | K40: 9 | L40: 32.52 | M40: 104279 | N40: 58 | O40: 25 | P40: 25 | Q40: 25 | R40: 25 | S40: 173 | T40: 173 | U40: 24 | V40: 20 | W40: 18 | X40: 22 | Y40: 22 | Z40: 24 | AA40: 24 | AB40: 24 | AC40: 24 | AD40: 21 | AE40: 15 | AF40: 12 | AG40: 14 | AH40: 29 | AI40: 35 | AJ40: 21 | AK40: 25 | AL40: 65374448 | AM40: 61350344 | AN40: 91100016 | AO40: 115957816 | AP40: 112903968 | AQ40: 152571248 | AR40: 110143440 | AS40: 142765104 | AT40: 64713792 | AU40: 66100204 | AV40: 46021460 | AW40: 42693428 | AX40: 75235160 | AY40: 92659560 | AZ40: 65655864 | BA40: 76897896
A41: 16756 | B41: SYS_ECO24 | C41: serS | D41: SYS_ECO24; SYS_ECO27; SYS_ECO45; SYS_ECO55; SYS_ECO57; SYS_ECO5E; SYS_ECO7I; SYS_ECO81; SYS_ECO8A; SYS_ECOBW; SYS_ECODH; SYS_ECOHS; SYS_ECOK1; SYS_ECOL5; SYS_ECOL6; SYS_ECOLC; SYS_ECOLI; SYS_ECOLU; SYS_ECOSE; SYS_ECOSM; SYS_ECOUT | F41: sp|A7ZJW2|SYS_ECO24 Serine--tRNA ligase OS=Escherichia coli O139:H28 (strain E24377A / ETEC) OX=331111 GN=serS PE=3 SV=1 | G41: 713.998 | H41: true | I41: 2 | J41: 21 | K41: 0 | L41: 54.42 | M41: 48413 | N41: 28 | O41: 22 | P41: 22 | Q41: 22 | R41: 22 | S41: 315 | T41: 315 | U41: 22 | V41: 16 | W41: 19 | X41: 19 | Y41: 21 | Z41: 22 | AA41: 22 | AB41: 22 | AC41: 22 | AD41: 31 | AE41: 24 | AF41: 33 | AG41: 38 | AH41: 53 | AI41: 60 | AJ41: 35 | AK41: 41 | AL41: 232997456 | AM41: 243817680 | AN41: 426837280 | AO41: 542140864 | AP41: 515652000 | AQ41: 613203008 | AR41: 501194208 | AS41: 542066880 | AT41: 241727728 | AU41: 241443376 | AV41: 209115168 | AW41: 203048496 | AX41: 319924256 | AY41: 362103008 | AZ41: 277608256 | BA41: 273027296
A42: 16741 | B42: SYK1_ECO57 | C42: lysS | D42: SYK1_ECO57; SYK1_ECOL6; SYK1_ECOLI | F42: sp|Q8XD57|SYK1_ECO57 Lysine--tRNA ligase OS=Escherichia coli O157:H7 OX=83334 GN=lysS PE=3 SV=3 | G42: 694.012 | H42: true | I42: 2 | J42: 3 | K42: 0 | L42: 55.25 | M42: 57630 | N42: 32 | O42: 23 | P42: 17 | Q42: 23 | R42: 17 | S42: 219 | T42: 185 | U42: 17 | V42: 13 | W42: 15 | X42: 14 | Y42: 16 | Z42: 16 | AA42: 16 | AB42: 16 | AC42: 16 | AD42: 18 | AE42: 20 | AF42: 19 | AG42: 21 | AH42: 28 | AI42: 29 | AJ42: 25 | AK42: 25 | AL42: 113751888 | AM42: 111027024 | AN42: 162775696 | AO42: 262913488 | AP42: 208736736 | AQ42: 257197808 | AR42: 220937696 | AS42: 260999088 | AT42: 79528872 | AU42: 81235184 | AV42: 62085916 | AW42: 65781392 | AX42: 95008704 | AY42: 107158272 | AZ42: 85891832 | BA42: 93996960
A43: 16680 | B43: RL6_ECO24 | C43: rplF | D43: RL6_ECO24; RL6_ECO27; RL6_ECO45; RL6_ECO55; RL6_ECO57; RL6_ECO5E; RL6_ECO7I; RL6_ECO81; RL6_ECO8A; RL6_ECOBW; RL6_ECODH; RL6_ECOHS; RL6_ECOK1; RL6_ECOL5; RL6_ECOL6; RL6_ECOLC; RL6_ECOLI; RL6_ECOLU; RL6_ECOSE; RL6_ECOSM; RL6_ECOUT | F43: sp|A7ZSJ4|RL6_ECO24 50S ribosomal protein L6 OS=Escherichia coli O139:H28 (strain E24377A / ETEC) OX=331111 GN=rplF PE=3 SV=1 | G43: 676.431 | H43: true | I43: 2 | J43: 21 | K43: 0 | L43: 63.84 | M43: 18903 | N43: 10 | O43: 13 | P43: 13 | Q43: 14 | R43: 14 | S43: 1708 | T43: 1708 | U43: 14 | V43: 12 | W43: 13 | X43: 13 | Y43: 13 | Z43: 13 | AA43: 13 | AB43: 13 | AC43: 13 | AD43: 220 | AE43: 255 | AF43: 194 | AG43: 162 | AH43: 212 | AI43: 208 | AJ43: 234 | AK43: 223 | AL43: 2220992000 | AM43: 2355230464 | AN43: 2086898048 | AO43: 2676498688 | AP43: 1752514688 | AQ43: 1912764288 | AR43: 1924401408 | AS43: 1675879936 | AT43: 2046972544 | AU43: 2208443904 | AV43: 1031051712 | AW43: 1124198528 | AX43: 1233377408 | AY43: 1246224384 | AZ43: 1177793536 | BA43: 1015671296
A44: 16728 | B44: RL22_ECO24 | C44: rplV | D44: RL22_ECO24; RL22_ECO27; RL22_ECO45; RL22_ECO55; RL22_ECO57; RL22_ECO5E; RL22_ECO7I; RL22_ECO81; RL22_ECO8A; RL22_ECOBW; RL22_ECODH; RL22_ECOHS; RL22_ECOK1; RL22_ECOL5; RL22_ECOL6; RL22_ECOLC; RL22_ECOLI; RL22_ECOLU; RL22_ECOSE; RL22_ECOSM; RL22_ECOUT | F44: sp|A7ZSK4|RL22_ECO24 50S ribosomal protein L22 OS=Escherichia coli O139:H28 (strain E24377A / ETEC) OX=331111 GN=rplV PE=3 SV=1 | G44: 671.813 | H44: true | I44: 2 | J44: 21 | K44: 0 | L44: 77.27 | M44: 12226 | N44: 7 | O44: 16 | P44: 16 | Q44: 17 | R44: 17 | S44: 565 | T44: 565 | U44: 17 | V44: 13 | W44: 14 | X44: 12 | Y44: 17 | Z44: 16 | AA44: 15 | AB44: 17 | AC44: 16 | AD44: 90 | AE44: 112 | AF44: 40 | AG44: 81 | AH44: 62 | AI44: 58 | AJ44: 64 | AK44: 58 | AL44: 578875904 | AM44: 663820608 | AN44: 412764640 | AO44: 765846080 | AP44: 492290496 | AQ44: 611754496 | AR44: 517076736 | AS44: 419047712 | AT44: 547265088 | AU44: 713675072 | AV44: 215819296 | AW44: 364837856 | AX44: 398513120 | AY44: 443743136 | AZ44: 396651616 | BA44: 311046912
A45: 16682 | B45: RS6_ECO24 | C45: rpsF | D45: RS6_ECO24; RS6_ECO27; RS6_ECO45; RS6_ECO55; RS6_ECO57; RS6_ECO5E; RS6_ECO7I; RS6_ECO81; RS6_ECO8A; RS6_ECOBW; RS6_ECODH; RS6_ECOHS; RS6_ECOK1; RS6_ECOL6; RS6_ECOLC; RS6_ECOSE; RS6_ECOSM; RS6_ECOUT | E45: RS6_ECOLI; RS6_ECOLU | F45: sp|A7ZV71|RS6_ECO24 30S ribosomal protein S6 OS=Escherichia coli O139:H28 (strain E24377A / ETEC) OX=331111 GN=rpsF PE=3 SV=1 | G45: 640.256 | H45: true | I45: 2 | J45: 18 | K45: 2 | L45: 86.26 | M45: 15186 | N45: 8 | O45: 12 | P45: 12 | Q45: 13 | R45: 13 | S45: 2437 | T45: 2437 | U45: 13 | V45: 10 | W45: 12 | X45: 12 | Y45: 13 | Z45: 13 | AA45: 12 | AB45: 13 | AC45: 13 | AD45: 224 | AE45: 345 | AF45: 343 | AG45: 310 | AH45: 327 | AI45: 290 | AJ45: 300 | AK45: 298 | AL45: 2879703296 | AM45: 3230817792 | AN45: 2796195072 | AO45: 3914401024 | AP45: 1847874944 | AQ45: 1890168704 | AR45: 1789926656 | AS45: 2363291136 | AT45: 1941515776 | AU45: 2495504384 | AV45: 1684292224 | AW45: 1755932416 | AX45: 1397395840 | AY45: 1246131840 | AZ45: 1201313664 | BA45: 1383296000
A46: 16769 | B46: RL16_ECO24 | C46: rplP | D46: RL16_ECO24; RL16_ECO27; RL16_ECO45; RL16_ECO55; RL16_ECO57; RL16_ECO5E; RL16_ECO7I; RL16_ECO81; RL16_ECO8A; RL16_ECOBW; RL16_ECODH; RL16_ECOHS; RL16_ECOK1; RL16_ECOL5; RL16_ECOL6; RL16_ECOLC; RL16_ECOLI; RL16_ECOLU; RL16_ECOSE; RL16_ECOSM; RL16_ECOUT | F46: sp|A7ZSK2|RL16_ECO24 50S ribosomal protein L16 OS=Escherichia coli O139:H28 (strain E24377A / ETEC) OX=331111 GN=rplP PE=3 SV=1 | G46: 616.659 | H46: true | I46: 2 | J46: 21 | K46: 0 | L46: 65.44 | M46: 15281 | N46: 5 | O46: 12 | P46: 12 | Q46: 13 | R46: 13 | S46: 586 | T46: 586 | U46: 13 | V46: 11 | W46: 11 | X46: 11 | Y46: 12 | Z46: 13 | AA46: 13 | AB46: 12 | AC46: 13 | AD46: 91 | AE46: 76 | AF46: 75 | AG46: 51 | AH46: 60 | AI46: 88 | AJ46: 89 | AK46: 56 | AL46: 532452064 | AM46: 503383360 | AN46: 666870912 | AO46: 840252416 | AP46: 520306784 | AQ46: 616944320 | AR46: 552430144 | AS46: 453648928 | AT46: 616155648 | AU46: 591081920 | AV46: 297722464 | AW46: 344445120 | AX46: 405956800 | AY46: 401813632 | AZ46: 367176960 | BA46: 292947328
A47: 16793 | B47: IF3_ECO27 | C47: infC | D47: IF3_ECO27; IF3_ECO57; IF3_ECOBW; IF3_ECOL6; IF3_ECOLC; IF3_ECOLI | F47: sp|B7USA1|IF3_ECO27 Translation initiation factor IF-3 OS=Escherichia coli O127:H6 (strain E2348/69 / EPEC) OX=574521 GN=infC PE=3 SV=1 | G47: 614.685 | H47: true | I47: 2 | J47: 6 | K47: 0 | L47: 47.78 | M47: 20563 | N47: 9 | O47: 11 | P47: 11 | Q47: 13 | R47: 13 | S47: 1949 | T47: 1949 | U47: 13 | V47: 13 | W47: 13 | X47: 13 | Y47: 13 | Z47: 12 | AA47: 12 | AB47: 12 | AC47: 13 | AD47: 348 | AE47: 384 | AF47: 253 | AG47: 187 | AH47: 204 | AI47: 199 | AJ47: 180 | AK47: 194 | AL47: 1814387072 | AM47: 1894461440 | AN47: 2306882560 | AO47: 2901306112 | AP47: 1402503936 | AQ47: 1401871360 | AR47: 1575069824 | AS47: 1574669696 | AT47: 1694979456 | AU47: 1862348928 | AV47: 1290530048 | AW47: 1199659136 | AX47: 922120320 | AY47: 901670016 | AZ47: 993074752 | BA47: 902855744
A48: 16809 | B48: PMT_MYCTU1 | D48: PMT_MYCTU1; PMT_MYCTU2; PMT_MYCTUmCherry-PMTub-TwinStrep; X5DSL3_ANAMA | F48: sp|P9WN05-HIS|PMT_MYCTU1 mCherryNter_TEV_Hisx10_PMTub | G48: 585.501 | H48: true | I48: 2 | J48: 4 | K48: 0 | L48: 20.16 | M48: 84600 | N48: 34 | O48: 13 | P48: 13 | Q48: 15 | R48: 15 | S48: 207 | T48: 207 | U48: 15 | V48: 10 | W48: 10 | X48: 13 | Y48: 15 | Z48: 7 | AA48: 9 | AB48: 13 | AC48: 13 | AD48: 44 | AE48: 44 | AF48: 45 | AG48: 42 | AH48: 3 | AI48: 4 | AJ48: 13 | AK48: 12 | AL48: 277297280 | AM48: 315308192 | AN48: 331450752 | AO48: 344165440 | AP48: 25383056 | AQ48: 32562996 | AR48: 85895376 | AS48: 81992168 | AT48: 215185360 | AU48: 276508224 | AV48: 207125008 | AW48: 167305872 | AX48: 8091876.5 | AY48: 16174679 | AZ48: 57765840 | BA48: 49816444
A49: 16718 | B49: SYGA_ECO24 | C49: glyQ | D49: SYGA_ECO24; SYGA_ECO27; SYGA_ECO45; SYGA_ECO55; SYGA_ECO57; SYGA_ECO5E; SYGA_ECO7I; SYGA_ECO81; SYGA_ECO8A; SYGA_ECOBW; SYGA_ECOHS; SYGA_ECOK1; SYGA_ECOL5; SYGA_ECOL6; SYGA_ECOLC; SYGA_ECOLU; SYGA_ECOSE; SYGA_ECOSM; SYGA_ECOUT | E49: SYGA_ECOLI | F49: sp|A7ZTA6|SYGA_ECO24 Glycine--tRNA ligase alpha subunit OS=Escherichia coli O139:H28 (strain E24377A / ETEC) OX=331111 GN=glyQ PE=3 SV=1 | G49: 580.154 | H49: true | I49: 2 | J49: 19 | K49: 1 | L49: 48.84 | M49: 34715 | N49: 14 | O49: 12 | P49: 12 | Q49: 13 | R49: 13 | S49: 145 | T49: 145 | U49: 12 | V49: 9 | W49: 11 | X49: 12 | Y49: 12 | Z49: 12 | AA49: 12 | AB49: 12 | AC49: 12 | AD49: 14 | AE49: 11 | AF49: 15 | AG49: 14 | AH49: 26 | AI49: 26 | AJ49: 17 | AK49: 21 | AL49: 75006504 | AM49: 76353288 | AN49: 183467552 | AO49: 251025712 | AP49: 190949840 | AQ49: 225533056 | AR49: 208251712 | AS49: 235142592 | AT49: 101461352 | AU49: 109209912 | AV49: 87737376 | AW49: 81987528 | AX49: 134257952 | AY49: 148643280 | AZ49: 125278000 | BA49: 117637640
A50: 16747 | B50: RL10_ECO24 | C50: rplJ | D50: RL10_ECO24; RL10_ECO27; RL10_ECO45; RL10_ECO55; RL10_ECO57; RL10_ECO5E; RL10_ECO7I; RL10_ECO81; RL10_ECO8A; RL10_ECOBW; RL10_ECODH; RL10_ECOHS; RL10_ECOK1; RL10_ECOL5; RL10_ECOL6; RL10_ECOLC; RL10_ECOLI; RL10_ECOLU; RL10_ECOSE; RL10_ECOSM; RL10_ECOUT | F50: sp|A7ZUJ8|RL10_ECO24 50S ribosomal protein L10 OS=Escherichia coli O139:H28 (strain E24377A / ETEC) OX=331111 GN=rplJ PE=3 SV=1 | G50: 579.658 | H50: true | I50: 2 | J50: 21 | K50: 0 | L50: 83.64 | M50: 17711 | N50: 12 | O50: 16 | P50: 16 | Q50: 18 | R50: 18 | S50: 582 | T50: 582 | U50: 18 | V50: 10 | W50: 10 | X50: 16 | Y50: 17 | Z50: 16 | AA50: 17 | AB50: 18 | AC50: 18 | AD50: 69 | AE50: 103 | AF50: 56 | AG50: 57 | AH50: 71 | AI50: 74 | AJ50: 79 | AK50: 73 | AL50: 1196486528 | AM50: 1086965504 | AN50: 1258601088 | AO50: 1824651520 | AP50: 1141528960 | AQ50: 1230698240 | AR50: 1160932096 | AS50: 1200939136 | AT50: 797648576 | AU50: 472779552 | AV50: 701761728 | AW50: 839566656 | AX50: 820538432 | AY50: 790067968 | AZ50: 743190400 | BA50: 888195968
A51: 16692 | B51: FMT_ECO27 | C51: fmt | D51: FMT_ECO27; FMT_ECO55; FMT_ECO7I; FMT_ECOBW; FMT_ECODH; FMT_ECOHS; FMT_ECOLC; FMT_ECOLI; FMT_ECOLU; FMT_ECOSE | E51: FMT_ECO24; FMT_ECO45; FMT_ECO57; FMT_ECO5E; FMT_ECO81; FMT_ECO8A; FMT_ECOK1; FMT_ECOL5; FMT_ECOL6; FMT_ECOSM; FMT_ECOUT | F51: sp|B7UK11|FMT_ECO27 Methionyl-tRNA formyltransferase OS=Escherichia coli O127:H6 (strain E2348/69 / EPEC) OX=574521 GN=fmt PE=3 SV=1 | G51: 566.287 | H51: true | I51: 2 | J51: 10 | K51: 11 | L51: 46.67 | M51: 34154 | N51: 21 | O51: 12 | P51: 12 | Q51: 12 | R51: 12 | S51: 125 | T51: 125 | U51: 12 | V51: 9 | W51: 10 | X51: 12 | Y51: 12 | Z51: 12 | AA51: 12 | AB51: 12 | AC51: 12 | AD51: 10 | AE51: 11 | AF51: 16 | AG51: 13 | AH51: 20 | AI51: 18 | AJ51: 18 | AK51: 19 | AL51: 74895896 | AM51: 62838528 | AN51: 123551040 | AO51: 188379568 | AP51: 163953536 | AQ51: 197536992 | AR51: 161021776 | AS51: 180831312 | AT51: 80730752 | AU51: 62170140 | AV51: 72136176 | AW51: 66010160 | AX51: 112634048 | AY51: 117325192 | AZ51: 90743976 | BA51: 89491672
A52: 16729 | B52: RS8_ECO24 | C52: rpsH | D52: RS8_ECO24; RS8_ECO27; RS8_ECO45; RS8_ECO55; RS8_ECO57; RS8_ECO5E; RS8_ECO7I; RS8_ECO81; RS8_ECO8A; RS8_ECOBW; RS8_ECODH; RS8_ECOHS; RS8_ECOK1; RS8_ECOL5; RS8_ECOL6; RS8_ECOLC; RS8_ECOLI; RS8_ECOLU; RS8_ECOSE; RS8_ECOSM; RS8_ECOUT | F52: sp|A7ZSJ5|RS8_ECO24 30S ribosomal protein S8 OS=Escherichia coli O139:H28 (strain E24377A / ETEC) OX=331111 GN=rpsH PE=3 SV=1 | G52: 550.858 | H52: true | I52: 2 | J52: 21 | K52: 0 | L52: 68.46 | M52: 14126 | N52: 11 | O52: 11 | P52: 11 | Q52: 14 | R52: 14 | S52: 1127 | T52: 1127 | U52: 14 | V52: 12 | W52: 14 | X52: 12 | Y52: 14 | Z52: 13 | AA52: 13 | AB52: 13 | AC52: 13 | AD52: 154 | AE52: 212 | AF52: 119 | AG52: 127 | AH52: 152 | AI52: 123 | AJ52: 98 | AK52: 142 | AL52: 3333712896 | AM52: 3490234112 | AN52: 2062831616 | AO52: 2314607360 | AP52: 1657250944 | AQ52: 1606456832 | AR52: 1454441088 | AS52: 2050333056 | AT52: 2966195712 | AU52: 3210190592 | AV52: 986984192 | AW52: 843920640 | AX52: 1129208064 | AY52: 1082485248 | AZ52: 863269760 | BA52: 1094429952
A53: 16817 | B53: RL9_ECO24 | C53: rplI | D53: RL9_ECO24; RL9_ECO27; RL9_ECO45; RL9_ECO55; RL9_ECO57; RL9_ECO5E; RL9_ECO7I; RL9_ECO81; RL9_ECO8A; RL9_ECOBW; RL9_ECODH; RL9_ECOHS; RL9_ECOK1; RL9_ECOL5; RL9_ECOL6; RL9_ECOLC; RL9_ECOLI; RL9_ECOLU; RL9_ECOSE; RL9_ECOSM; RL9_ECOUT | F53: sp|A7ZV74|RL9_ECO24 50S ribosomal protein L9 OS=Escherichia coli O139:H28 (strain E24377A / ETEC) OX=331111 GN=rplI PE=3 SV=1 | G53: 540.706 | H53: true | I53: 2 | J53: 21 | K53: 0 | L53: 90.6 | M53: 15768 | N53: 14 | O53: 16 | P53: 16 | Q53: 16 | R53: 16 | S53: 2380 | T53: 2380 | U53: 16 | V53: 12 | W53: 13 | X53: 15 | Y53: 16 | Z53: 16 | AA53: 16 | AB53: 16 | AC53: 16 | AD53: 207 | AE53: 234 | AF53: 274 | AG53: 323 | AH53: 377 | AI53: 364 | AJ53: 346 | AK53: 255 | AL53: 2738778368 | AM53: 2745584896 | AN53: 4021787904 | AO53: 5647090688 | AP53: 3003795456 | AQ53: 3290482432 | AR53: 2796586752 | AS53: 2446854656 | AT53: 2333088768 | AU53: 2669103360 | AV53: 1980963968 | AW53: 2170316800 | AX53: 2204039168 | AY53: 2095733248 | AZ53: 1770329728 | BA53: 1402813568
A54: 16785 | B54: SYN_ECO24 | C54: asnS | D54: SYN_ECO24; SYN_ECOHS; SYN_ECOL5; SYN_ECOL6; SYN_ECOLC; SYN_ECOLI; SYN_ECOUT | E54: SYN_ECO57 | F54: sp|A7ZK21|SYN_ECO24 Asparagine--tRNA ligase OS=Escherichia coli O139:H28 (strain E24377A / ETEC) OX=331111 GN=asnS PE=3 SV=1 | G54: 538.452 | H54: true | I54: 2 | J54: 7 | K54: 1 | L54: 37.34 | M54: 52569 | N54: 28 | O54: 16 | P54: 16 | Q54: 16 | R54: 16 | S54: 205 | T54: 205 | U54: 16 | V54: 13 | W54: 13 | X54: 14 | Y54: 16 | Z54: 14 | AA54: 15 | AB54: 16 | AC54: 16 | AD54: 18 | AE54: 17 | AF54: 17 | AG54: 29 | AH54: 34 | AI54: 34 | AJ54: 29 | AK54: 27 | AL54: 102100320 | AM54: 109873576 | AN54: 189051648 | AO54: 273835712 | AP54: 211783056 | AQ54: 260725984 | AR54: 244609728 | AS54: 270619744 | AT54: 112040136 | AU54: 114781320 | AV54: 94967200 | AW54: 96466128 | AX54: 145082128 | AY54: 158507040 | AZ54: 134881312 | BA54: 134680368
A55: 16822 | B55: RS13_ECO57 | C55: rpsM | D55: RS13_ECO57; RS13_ECOK1; RS13_ECOL5; RS13_ECOL6; RS13_ECOLI; RS13_ECOUT | F55: sp|P0A7T1|RS13_ECO57 30S ribosomal protein S13 OS=Escherichia coli O157:H7 OX=83334 GN=rpsM PE=3 SV=2 | G55: 524.293 | H55: true | I55: 2 | J55: 6 | K55: 0 | L55: 69.49 | M55: 13099 | N55: 7 | O55: 14 | P55: 14 | Q55: 17 | R55: 17 | S55: 2968 | T55: 2968 | U55: 17 | V55: 13 | W55: 14 | X55: 17 | Y55: 16 | Z55: 17 | AA55: 17 | AB55: 16 | AC55: 15 | AD55: 384 | AE55: 443 | AF55: 386 | AG55: 308 | AH55: 384 | AI55: 378 | AJ55: 339 | AK55: 346 | AL55: 1869422464 | AM55: 1980783488 | AN55: 2657822208 | AO55: 3959124224 | AP55: 2550149632 | AQ55: 2707806464 | AR55: 2469019392 | AS55: 2711337728 | AT55: 1965211776 | AU55: 2055332992 | AV55: 1606312320 | AW55: 1814349056 | AX55: 1983745792 | AY55: 1869924736 | AZ55: 1712623744 | BA55: 1581088128
A56: 16874 | B56: RHLE_ECOLI | C56: rhlE | D56: RHLE_ECOLI | F56: sp|P25888|RHLE_ECOLI ATP-dependent RNA helicase RhlE OS=Escherichia coli (strain K12) OX=83333 GN=rhlE PE=1 SV=3 | G56: 518.853 | H56: true | I56: 2 | J56: 1 | K56: 0 | L56: 52.86 | M56: 49988 | N56: 29 | O56: 19 | P56: 19 | Q56: 19 | R56: 19 | S56: 115 | T56: 115 | U56: 19 | V56: 10 | W56: 11 | X56: 13 | Y56: 19 | Z56: 16 | AA56: 17 | AB56: 16 | AC56: 17 | AD56: 6 | AE56: 7 | AF56: 18 | AG56: 26 | AH56: 13 | AI56: 17 | AJ56: 14 | AK56: 14 | AL56: 25689596 | AM56: 27024706 | AN56: 100632904 | AO56: 138655504 | AP56: 60396844 | AQ56: 71020688 | AR56: 74323320 | AS56: 66542980 | AT56: 7804886 | AU56: 11458021 | AV56: 46495312 | AW56: 93849344 | AX56: 39106088 | AY56: 52073084 | AZ56: 44533292 | BA56: 47068020
A57: 16770 | B57: FTSA_ECO57 | C57: ftsA | D57: FTSA_ECO57; FTSA_ECOL6; FTSA_ECOLI | F57: sp|P0ABH2|FTSA_ECO57 Cell division protein FtsA OS=Escherichia coli O157:H7 OX=83334 GN=ftsA PE=3 SV=1 | G57: 509.001 | H57: true | I57: 2 | J57: 3 | K57: 0 | L57: 38.33 | M57: 45329 | N57: 20 | O57: 11 | P57: 11 | Q57: 11 | R57: 11 | S57: 125 | T57: 125 | U57: 11 | V57: 6 | W57: 6 | X57: 10 | Y57: 11 | Z57: 10 | AA57: 10 | AB57: 11 | AC57: 11 | AD57: 5 | AE57: 8 | AF57: 18 | AG57: 25 | AH57: 12 | AI57: 10 | AJ57: 26 | AK57: 21 | AL57: 22611804 | AM57: 26183000 | AN57: 111076192 | AO57: 180420000 | AP57: 37933628 | AQ57: 39044276 | AR57: 107341616 | AS57: 115763336 | AT57: 3435012 | AU57: 6161888.5 | AV57: 80985728 | AW57: 83807240 | AX57: 24253324 | AY57: 29884488 | AZ57: 81653040 | BA57: 78398688
A58: 16672 | B58: RS10_ECO24 | C58: rpsJ | D58: RS10_ECO24; RS10_ECO27; RS10_ECO45; RS10_ECO55; RS10_ECO57; RS10_ECO5E; RS10_ECO7I; RS10_ECO81; RS10_ECO8A; RS10_ECOBW; RS10_ECODH; RS10_ECOHS; RS10_ECOK1; RS10_ECOL5; RS10_ECOL6; RS10_ECOLC; RS10_ECOLI; RS10_ECOLU; RS10_ECOSE; RS10_ECOSM; RS10_ECOUT | F58: sp|A7ZSL0|RS10_ECO24 30S ribosomal protein S10 OS=Escherichia coli O139:H28 (strain E24377A / ETEC) OX=331111 GN=rpsJ PE=3 SV=1 | G58: 508.188 | H58: true | I58: 2 | J58: 21 | K58: 0 | L58: 81.55 | M58: 11735 | N58: 8 | O58: 14 | P58: 14 | Q58: 15 | R58: 15 | S58: 2667 | T58: 2667 | U58: 15 | V58: 11 | W58: 11 | X58: 13 | Y58: 15 | Z58: 14 | AA58: 14 | AB58: 15 | AC58: 15 | AD58: 316 | AE58: 340 | AF58: 363 | AG58: 336 | AH58: 352 | AI58: 350 | AJ58: 322 | AK58: 288 | AL58: 4104949504 | AM58: 4027813632 | AN58: 4826697728 | AO58: 6407365120 | AP58: 3730201344 | AQ58: 3936692224 | AR58: 3353433856 | AS58: 3045459200 | AT58: 2504459008 | AU58: 2345982464 | AV58: 2341217024 | AW58: 2909292288 | AX58: 2980964096 | AY58: 2751115520 | AZ58: 2743868416 | BA58: 2085777280
A59: 16789 | B59: PTH_ECO24 | C59: pth | D59: PTH_ECO24; PTH_ECO27; PTH_ECO45; PTH_ECO55; PTH_ECO57; PTH_ECO5E; PTH_ECO7I; PTH_ECO81; PTH_ECO8A; PTH_ECOBW; PTH_ECODH; PTH_ECOHS; PTH_ECOL5; PTH_ECOL6; PTH_ECOLC; PTH_ECOLI; PTH_ECOSE; PTH_ECOSM; PTH_ECOUT | E59: PTH_ECOLU | F59: sp|A7ZKX7|PTH_ECO24 Peptidyl-tRNA hydrolase OS=Escherichia coli O139:H28 (strain E24377A / ETEC) OX=331111 GN=pth PE=3 SV=1 | G59: 502.518 | H59: true | I59: 2 | J59: 19 | K59: 1 | L59: 81.44 | M59: 21082 | N59: 14 | O59: 15 | P59: 15 | Q59: 15 | R59: 15 | S59: 404 | T59: 404 | U59: 15 | V59: 14 | W59: 13 | X59: 12 | Y59: 11 | Z59: 14 | AA59: 13 | AB59: 14 | AC59: 14 | AD59: 83 | AE59: 83 | AF59: 18 | AG59: 17 | AH59: 59 | AI59: 60 | AJ59: 39 | AK59: 45 | AL59: 889334848 | AM59: 652391808 | AN59: 195897088 | AO59: 240964768 | AP59: 457734400 | AQ59: 450090208 | AR59: 409799616 | AS59: 454230368 | AT59: 921989440 | AU59: 698038272 | AV59: 95190112 | AW59: 82979448 | AX59: 294538464 | AY59: 270786016 | AZ59: 238602400 | BA59: 235111104
A60: 16810 | B60: RL15_ECOBW | C60: rplO | D60: RL15_ECOBW; RL15_ECODH; RL15_ECOHS; RL15_ECOLC; RL15_ECOLI | E60: RL15_ECO24; RL15_ECO27; RL15_ECO45; RL15_ECO55; RL15_ECO57; RL15_ECO5E; RL15_ECO7I; RL15_ECO81; RL15_ECO8A; RL15_ECOK1; RL15_ECOL5; RL15_ECOL6; RL15_ECOLU; RL15_ECOSE; RL15_ECOSM; RL15_ECOUT | F60: sp|C4ZUF6|RL15_ECOBW 50S ribosomal protein L15 OS=Escherichia coli (strain K12 / MC4100 / BW2952) OX=595496 GN=rplO PE=3 SV=1 | G60: 497.42 | H60: true | I60: 2 | J60: 5 | K60: 16 | L60: 74.31 | M60: 14980 | N60: 11 | O60: 15 | P60: 15 | Q60: 15 | R60: 15 | S60: 826 | T60: 826 | U60: 15 | V60: 10 | W60: 11 | X60: 13 | Y60: 15 | Z60: 15 | AA60: 13 | AB60: 14 | AC60: 13 | AD60: 144 | AE60: 157 | AF60: 77 | AG60: 66 | AH60: 97 | AI60: 107 | AJ60: 96 | AK60: 82 | AL60: 1001199552 | AM60: 1126690432 | AN60: 789408512 | AO60: 1073476672 | AP60: 693169344 | AQ60: 872017920 | AR60: 754993344 | AS60: 658434176 | AT60: 665790592 | AU60: 795714560 | AV60: 391465824 | AW60: 694498304 | AX60: 504388736 | AY60: 536959552 | AZ60: 518714432 | BA60: 364617472
A61: 16768 | B61: RL18_ECO24 | C61: rplR | D61: RL18_ECO24; RL18_ECO27; RL18_ECO45; RL18_ECO55; RL18_ECO57; RL18_ECO5E; RL18_ECO7I; RL18_ECO81; RL18_ECO8A; RL18_ECOBW; RL18_ECODH; RL18_ECOHS; RL18_ECOK1; RL18_ECOL5; RL18_ECOL6; RL18_ECOLC; RL18_ECOLI; RL18_ECOLU; RL18_ECOSE; RL18_ECOSM; RL18_ECOUT | F61: sp|A7ZSJ3|RL18_ECO24 50S ribosomal protein L18 OS=Escherichia coli O139:H28 (strain E24377A / ETEC) OX=331111 GN=rplR PE=3 SV=1 | G61: 487.725 | H61: true | I61: 2 | J61: 21 | K61: 0 | L61: 87.18 | M61: 12769 | N61: 8 | O61: 15 | P61: 15 | Q61: 15 | R61: 15 | S61: 454 | T61: 454 | U61: 15 | V61: 10 | W61: 10 | X61: 12 | Y61: 15 | Z61: 14 | AA61: 13 | AB61: 14 | AC61: 14 | AD61: 47 | AE61: 70 | AF61: 35 | AG61: 58 | AH61: 68 | AI61: 64 | AJ61: 62 | AK61: 50 | AL61: 694535296 | AM61: 813604864 | AN61: 674000128 | AO61: 1129050880 | AP61: 607519040 | AQ61: 671895424 | AR61: 695405312 | AS61: 585942656 | AT61: 513681568 | AU61: 568268096 | AV61: 309823744 | AW61: 529389120 | AX61: 492457632 | AY61: 455626752 | AZ61: 422249376 | BA61: 329022784
A62: 16661 | B62: RL11_ECO24 | C62: rplK | D62: RL11_ECO24; RL11_ECO27; RL11_ECO45; RL11_ECO55; RL11_ECO57; RL11_ECO5E; RL11_ECO7I; RL11_ECO81; RL11_ECO8A; RL11_ECOBW; RL11_ECODH; RL11_ECOHS; RL11_ECOL5; RL11_ECOL6; RL11_ECOLC; RL11_ECOLI; RL11_ECOLU; RL11_ECOSE; RL11_ECOSM; RL11_ECOUT | F62: sp|A7ZUJ6|RL11_ECO24 50S ribosomal protein L11 OS=Escherichia coli O139:H28 (strain E24377A / ETEC) OX=331111 GN=rplK PE=3 SV=1 | G62: 485.091 | H62: true | I62: 2 | J62: 20 | K62: 0 | L62: 53.52 | M62: 14875 | N62: 10 | O62: 11 | P62: 11 | Q62: 13 | R62: 13 | S62: 1178 | T62: 1178 | U62: 13 | V62: 10 | W62: 10 | X62: 12 | Y62: 10 | Z62: 12 | AA62: 12 | AB62: 12 | AC62: 13 | AD62: 130 | AE62: 158 | AF62: 133 | AG62: 111 | AH62: 165 | AI62: 153 | AJ62: 170 | AK62: 158 | AL62: 1211921280 | AM62: 1214595840 | AN62: 1121024768 | AO62: 1601525504 | AP62: 1000290240 | AQ62: 1130430336 | AR62: 978461248 | AS62: 978460480 | AT62: 1055957504 | AU62: 1113069184 | AV62: 544517824 | AW62: 540511104 | AX62: 699667392 | AY62: 723148544 | AZ62: 589338624 | BA62: 523054080
A63: 16860 | B63: HIS7_ECOL6 | C63: hisB | D63: HIS7_ECOL6 | E63: HIS7_ECO57 | F63: sp|Q8FG50|HIS7_ECOL6 Histidine biosynthesis bifunctional protein HisB OS=Escherichia coli O6:H1 (strain CFT073 / ATCC 700928 / UPEC) OX=199310 GN=hisB PE=3 SV=2 | G63: 450.297 | H63: true | I63: 2 | J63: 1 | K63: 1 | L63: 37.75 | M63: 40302 | N63: 21 | O63: 13 | P63: 3 | Q63: 13 | R63: 3 | S63: 352 | T63: 38 | U63: 3 | V63: 2 | W63: 2 | X63: 3 | Y63: 2 | Z63: 3 | AA63: 3 | AB63: 2 | AC63: 2 | AD63: 5 | AE63: 6 | AF63: 5 | AG63: 4 | AH63: 4 | AI63: 4 | AJ63: 5 | AK63: 5 | AL63: 139339056 | AM63: 122892592 | AN63: 345796800 | AO63: 374817504 | AP63: 274354688 | AQ63: 295271008 | AR63: 257725152 | AS63: 275346048 | AT63: 16864600 | AU63: 16985626 | AV63: 19954286 | AW63: 14804809 | AX63: 26138762 | AY63: 26169882 | AZ63: 19798906 | BA63: 20081008
A64: 16659 | B64: RS9_ECO24 | C64: rpsI | D64: RS9_ECO24; RS9_ECO27; RS9_ECO45; RS9_ECO55; RS9_ECO57; RS9_ECO5E; RS9_ECO7I; RS9_ECO81; RS9_ECO8A; RS9_ECOBW; RS9_ECODH; RS9_ECOHS; RS9_ECOK1; RS9_ECOL5; RS9_ECOL6; RS9_ECOLC; RS9_ECOLI; RS9_ECOLU; RS9_ECOSE; RS9_ECOSM; RS9_ECOUT | F64: sp|A7ZSC4|RS9_ECO24 30S ribosomal protein S9 OS=Escherichia coli O139:H28 (strain E24377A / ETEC) OX=331111 GN=rpsI PE=3 SV=1 | G64: 448.343 | H64: true | I64: 2 | J64: 21 | K64: 0 | L64: 64.62 | M64: 14856 | N64: 8 | O64: 11 | P64: 11 | Q64: 13 | R64: 13 | S64: 1761 | T64: 1761 | U64: 13 | V64: 11 | W64: 11 | X64: 13 | Y64: 13 | Z64: 13 | AA64: 13 | AB64: 13 | AC64: 13 | AD64: 225 | AE64: 230 | AF64: 231 | AG64: 205 | AH64: 226 | AI64: 206 | AJ64: 241 | AK64: 197 | AL64: 5278656000 | AM64: 4843359232 | AN64: 6215636992 | AO64: 7429936640 | AP64: 4593166848 | AQ64: 4720791552 | AR64: 4397574144 | AS64: 3990212352 | AT64: 5138053120 | AU64: 5167301120 | AV64: 3008474112 | AW64: 2679647232 | AX64: 2768743424 | AY64: 2505497600 | AZ64: 2179551488 | BA64: 1780299776
A65: 16679 | B65: SYFA_ECO24 | C65: pheS | D65: SYFA_ECO24; SYFA_ECO8A; SYFA_ECOBW; SYFA_ECODH; SYFA_ECOHS; SYFA_ECOLC; SYFA_ECOLI | E65: SYFA_ECO27; SYFA_ECO45; SYFA_ECO55; SYFA_ECO57; SYFA_ECO5E; SYFA_ECO7I; SYFA_ECO81; SYFA_ECOL5; SYFA_ECOL6; SYFA_ECOLU; SYFA_ECOSE; SYFA_ECOSM | F65: sp|A7ZMI2|SYFA_ECO24 Phenylalanine--tRNA ligase alpha subunit OS=Escherichia coli O139:H28 (strain E24377A / ETEC) OX=331111 GN=pheS PE=3 SV=1 | G65: 421.765 | H65: true | I65: 2 | J65: 7 | K65: 12 | L65: 40.67 | M65: 36831 | N65: 22 | O65: 12 | P65: 12 | Q65: 12 | R65: 12 | S65: 193 | T65: 193 | U65: 12 | V65: 8 | W65: 9 | X65: 10 | Y65: 11 | Z65: 12 | AA65: 12 | AB65: 12 | AC65: 11 | AD65: 15 | AE65: 20 | AF65: 16 | AG65: 25 | AH65: 29 | AI65: 29 | AJ65: 27 | AK65: 32 | AL65: 57233848 | AM65: 60831312 | AN65: 100115008 | AO65: 138110400 | AP65: 118617320 | AQ65: 147091728 | AR65: 123279184 | AS65: 136757888 | AT65: 48685832 | AU65: 65923080 | AV65: 55509776 | AW65: 57381180 | AX65: 85402472 | AY65: 98811704 | AZ65: 76867992 | BA65: 76048216
A66: 16781 | B66: SYW_ECOLI | C66: trpS | D66: SYW_ECOLI | E66: SYW_ECO57; SYW_ECOL6 | F66: sp|P00954|SYW_ECOLI Tryptophan--tRNA ligase OS=Escherichia coli (strain K12) OX=83333 GN=trpS PE=1 SV=3 | G66: 419.432 | H66: true | I66: 2 | J66: 1 | K66: 2 | L66: 41.32 | M66: 37437 | N66: 17 | O66: 10 | P66: 10 | Q66: 10 | R66: 10 | S66: 105 | T66: 105 | U66: 10 | V66: 7 | W66: 9 | X66: 9 | Y66: 8 | Z66: 10 | AA66: 9 | AB66: 10 | AC66: 10 | AD66: 8 | AE66: 8 | AF66: 15 | AG66: 11 | AH66: 16 | AI66: 15 | AJ66: 16 | AK66: 16 | AL66: 37631348 | AM66: 37057288 | AN66: 75668448 | AO66: 99466944 | AP66: 81261216 | AQ66: 100852320 | AR66: 93104760 | AS66: 105315760 | AT66: 43992084 | AU66: 28153804 | AV66: 41863160 | AW66: 35619192 | AX66: 55068236 | AY66: 59819204 | AZ66: 58634744 | BA66: 61319856
A67: 16758 | B67: RL25_ECO24 | C67: rplY | D67: RL25_ECO24; RL25_ECO55; RL25_ECO8A; RL25_ECOBW; RL25_ECODH; RL25_ECOHS; RL25_ECOLC; RL25_ECOLI; RL25_ECOSE | E67: RL25_ECO27; RL25_ECO45; RL25_ECO57; RL25_ECO5E; RL25_ECO7I; RL25_ECO81; RL25_ECOL5; RL25_ECOL6; RL25_ECOLU; RL25_ECOSM | F67: sp|A7ZP09|RL25_ECO24 50S ribosomal protein L25 OS=Escherichia coli O139:H28 (strain E24377A / ETEC) OX=331111 GN=rplY PE=3 SV=1 | G67: 412.584 | H67: true | I67: 2 | J67: 9 | K67: 10 | L67: 81.91 | M67: 10693 | N67: 7 | O67: 10 | P67: 10 | Q67: 12 | R67: 12 | S67: 961 | T67: 961 | U67: 12 | V67: 11 | W67: 11 | X67: 11 | Y67: 11 | Z67: 11 | AA67: 12 | AB67: 11 | AC67: 11 | AD67: 122 | AE67: 140 | AF67: 105 | AG67: 116 | AH67: 122 | AI67: 149 | AJ67: 112 | AK67: 95 | AL67: 487121120 | AM67: 452704640 | AN67: 468369344 | AO67: 696659648 | AP67: 512952736 | AQ67: 561622144 | AR67: 582402496 | AS67: 476699168 | AT67: 549298688 | AU67: 548847744 | AV67: 320397024 | AW67: 378291904 | AX67: 422014592 | AY67: 424244864 | AZ67: 394635616 | BA67: 332515616
A68: 16800 | B68: RSMI_ECO57 | C68: rsmI | D68: RSMI_ECO57; RSMI_ECOLI | F68: sp|P67088|RSMI_ECO57 Ribosomal RNA small subunit methyltransferase I OS=Escherichia coli O157:H7 OX=83334 GN=rsmI PE=3 SV=1 | G68: 410.966 | H68: true | I68: 2 | J68: 2 | K68: 0 | L68: 59.09 | M68: 31347 | N68: 18 | O68: 11 | P68: 11 | Q68: 11 | R68: 11 | S68: 92 | T68: 92 | U68: 11 | V68: 7 | W68: 7 | X68: 11 | Y68: 11 | Z68: 11 | AA68: 11 | AB68: 11 | AC68: 11 | AD68: 5 | AE68: 2 | AF68: 15 | AG68: 17 | AH68: 15 | AI68: 11 | AJ68: 11 | AK68: 16 | AL68: 18742336 | AM68: 18258326 | AN68: 136222480 | AO68: 181693920 | AP68: 83369296 | AQ68: 92339632 | AR68: 78975376 | AS68: 93186104 | AT68: 23322206 | AU68: 9185748 | AV68: 69503104 | AW68: 67527824 | AX68: 60073672 | AY68: 67819912 | AZ68: 55360900 | BA68: 68340200
A69: 16658 | B69: RL19_ECO24 | C69: rplS | D69: RL19_ECO24; RL19_ECO27; RL19_ECO45; RL19_ECO55; RL19_ECO57; RL19_ECO5E; RL19_ECO7I; RL19_ECO81; RL19_ECO8A; RL19_ECOBW; RL19_ECODH; RL19_ECOHS; RL19_ECOK1; RL19_ECOL5; RL19_ECOL6; RL19_ECOLC; RL19_ECOLI; RL19_ECOLU; RL19_ECOSE; RL19_ECOSM; RL19_ECOUT | F69: sp|A7ZQ46|RL19_ECO24 50S ribosomal protein L19 OS=Escherichia coli O139:H28 (strain E24377A / ETEC) OX=331111 GN=rplS PE=3 SV=1 | G69: 394.162 | H69: true | I69: 2 | J69: 21 | K69: 0 | L69: 78.26 | M69: 13133 | N69: 9 | O69: 14 | P69: 14 | Q69: 14 | R69: 14 | S69: 504 | T69: 504 | U69: 14 | V69: 13 | W69: 12 | X69: 12 | Y69: 13 | Z69: 13 | AA69: 13 | AB69: 12 | AC69: 12 | AD69: 98 | AE69: 105 | AF69: 39 | AG69: 34 | AH69: 45 | AI69: 73 | AJ69: 55 | AK69: 54 | AL69: 481967648 | AM69: 413955392 | AN69: 137940176 | AO69: 200069728 | AP69: 156130016 | AQ69: 240049728 | AR69: 176369168 | AS69: 179023152 | AT69: 515015392 | AU69: 435065632 | AV69: 149045920 | AW69: 154031520 | AX69: 223127600 | AY69: 319499808 | AZ69: 206462240 | BA69: 203484608
A70: 16805 | B70: RS11_ECO24 | C70: rpsK | D70: RS11_ECO24; RS11_ECO27; RS11_ECO45; RS11_ECO55; RS11_ECO57; RS11_ECO5E; RS11_ECO7I; RS11_ECO81; RS11_ECO8A; RS11_ECOBW; RS11_ECODH; RS11_ECOHS; RS11_ECOK1; RS11_ECOL5; RS11_ECOL6; RS11_ECOLC; RS11_ECOLI; RS11_ECOLU; RS11_ECOSE; RS11_ECOSM; RS11_ECOUT | F70: sp|A7ZSI6|RS11_ECO24 30S ribosomal protein S11 OS=Escherichia coli O139:H28 (strain E24377A / ETEC) OX=331111 GN=rpsK PE=3 SV=1 | G70: 394.126 | H70: true | I70: 2 | J70: 21 | K70: 0 | L70: 52.71 | M70: 13844 | N70: 8 | O70: 7 | P70: 7 | Q70: 8 | R70: 8 | S70: 1244 | T70: 1244 | U70: 8 | V70: 6 | W70: 5 | X70: 6 | Y70: 7 | Z70: 8 | AA70: 8 | AB70: 8 | AC70: 8 | AD70: 133 | AE70: 109 | AF70: 135 | AG70: 140 | AH70: 194 | AI70: 205 | AJ70: 185 | AK70: 143 | AL70: 2940753664 | AM70: 2802541312 | AN70: 4277092096 | AO70: 4661261312 | AP70: 2693632256 | AQ70: 2828287744 | AR70: 2663045632 | AS70: 2247161088 | AT70: 2170492160 | AU70: 415108256 | AV70: 1717555584 | AW70: 1519729280 | AX70: 1514702336 | AY70: 2078822400 | AZ70: 2697489152 | BA70: 2399240192
A71: 16882 | B71: PLSC_ECOLI | C71: plsC | D71: PLSC_ECOLI | F71: sp|P26647|PLSC_ECOLI 1-acyl-sn-glycerol-3-phosphate acyltransferase OS=Escherichia coli (strain K12) OX=83333 GN=plsC PE=1 SV=1 | G71: 388.581 | H71: true | I71: 2 | J71: 1 | K71: 0 | L71: 39.59 | M71: 27452 | N71: 13 | O71: 7 | P71: 7 | Q71: 8 | R71: 8 | S71: 711 | T71: 711 | U71: 8 | V71: 6 | W71: 8 | X71: 8 | Y71: 8 | Z71: 7 | AA71: 7 | AB71: 8 | AC71: 8 | AD71: 85 | AE71: 85 | AF71: 166 | AG71: 129 | AH71: 38 | AI71: 32 | AJ71: 83 | AK71: 92 | AL71: 671595840 | AM71: 816440960 | AN71: 1194845184 | AO71: 1334610304 | AP71: 294812576 | AQ71: 347743616 | AR71: 774148160 | AS71: 830621504 | AT71: 687157248 | AU71: 668123008 | AV71: 765872256 | AW71: 558292096 | AX71: 207641728 | AY71: 218508080 | AZ71: 400804672 | BA71: 440179680
A72: 16798 | B72: GRCA_ECO24 | C72: grcA | D72: GRCA_ECO24; GRCA_ECO55; GRCA_ECO57; GRCA_ECO5E; GRCA_ECO81; GRCA_ECO8A; GRCA_ECOBW; GRCA_ECODH; GRCA_ECOHS; GRCA_ECOLC; GRCA_ECOLI; GRCA_ECOSE | E72: GRCA_ECO27; GRCA_ECO45; GRCA_ECO7I; GRCA_ECOK1; GRCA_ECOL5; GRCA_ECOL6; GRCA_ECOLU; GRCA_ECOSM | F72: sp|A7ZQ24|GRCA_ECO24 Autonomous glycyl radical cofactor OS=Escherichia coli O139:H28 (strain E24377A / ETEC) OX=331111 GN=grcA PE=3 SV=1 | G72: 386.534 | H72: true | I72: 2 | J72: 12 | K72: 8 | L72: 70.08 | M72: 14284 | N72: 11 | O72: 9 | P72: 9 | Q72: 9 | R72: 9 | S72: 161 | T72: 161 | U72: 9 | V72: 9 | W72: 9 | X72: 8 | Y72: 8 | Z72: 8 | AA72: 8 | AB72: 8 | AC72: 8 | AD72: 39 | AE72: 34 | AF72: 17 | AG72: 15 | AH72: 19 | AI72: 17 | AJ72: 11 | AK72: 9 | AL72: 126625272 | AM72: 143421696 | AN72: 117498816 | AO72: 139998288 | AP72: 76106032 | AQ72: 75688504 | AR72: 50150840 | AS72: 40624920 | AT72: 151997792 | AU72: 180140048 | AV72: 59470724 | AW72: 51031892 | AX72: 48116148 | AY72: 42443232 | AZ72: 25946086 | BA72: 19841432
A73: 16688 | B73: SYT_ECO27 | C73: thrS | D73: SYT_ECO27; SYT_ECO45; SYT_ECO57; SYT_ECO5E; SYT_ECO7I; SYT_ECO81; SYT_ECOBW; SYT_ECODH; SYT_ECOK1; SYT_ECOL5; SYT_ECOL6; SYT_ECOLI; SYT_ECOLU; SYT_ECOSM; SYT_ECOUT | E73: SYT_ECO24; SYT_ECO55; SYT_ECO8A; SYT_ECOHS; SYT_ECOLC; SYT_ECOSE | F73: sp|B7USA2|SYT_ECO27 Threonine--tRNA ligase OS=Escherichia coli O127:H6 (strain E2348/69 / EPEC) OX=574521 GN=thrS PE=3 SV=1 | G73: 375.91 | H73: true | I73: 2 | J73: 15 | K73: 6 | L73: 28.35 | M73: 74013 | N73: 46 | O73: 19 | P73: 19 | Q73: 19 | R73: 19 | S73: 89 | T73: 89 | U73: 19 | V73: 14 | W73: 13 | X73: 19 | Y73: 18 | Z73: 18 | AA73: 17 | AB73: 18 | AC73: 19 | AD73: 14 | AE73: 4 | AF73: 6 | AG73: 12 | AH73: 11 | AI73: 16 | AJ73: 11 | AK73: 15 | AL73: 34153756 | AM73: 33494602 | AN73: 126040056 | AO73: 96234624 | AP73: 66803428 | AQ73: 80636400 | AR73: 75634368 | AS73: 86275992 | AT73: 43645964 | AU73: 40030344 | AV73: 40669956 | AW73: 33937048 | AX73: 41497584 | AY73: 47838216 | AZ73: 39396540 | BA73: 43645964
A74: 16803 | B74: RS19_ECO24 | C74: rpsS | D74: RS19_ECO24; RS19_ECO27; RS19_ECO45; RS19_ECO55; RS19_ECO57; RS19_ECO5E; RS19_ECO7I; RS19_ECO81; RS19_ECO8A; RS19_ECOBW; RS19_ECODH; RS19_ECOHS; RS19_ECOK1; RS19_ECOL5; RS19_ECOL6; RS19_ECOLC; RS19_ECOLI; RS19_ECOLU; RS19_ECOSE; RS19_ECOSM; RS19_ECOUT | F74: sp|A7ZSK5|RS19_ECO24 30S ribosomal protein S19 OS=Escherichia coli O139:H28 (strain E24377A / ETEC) OX=331111 GN=rpsS PE=3 SV=1 | G74: 374.967 | H74: true | I74: 2 | J74: 21 | K74: 0 | L74: 69.57 | M74: 10430 | N74: 6 | O74: 7 | P74: 7 | Q74: 8 | R74: 8 | S74: 1882 | T74: 1882 | U74: 8 | V74: 4 | W74: 5 | X74: 6 | Y74: 7 | Z74: 6 | AA74: 7 | AB74: 8 | AC74: 8 | AD74: 146 | AE74: 178 | AF74: 224 | AG74: 280 | AH74: 317 | AI74: 266 | AJ74: 235 | AK74: 236 | AL74: 1606820864 | AM74: 1433182080 | AN74: 1446503680 | AO74: 1849489664 | AP74: 1178465792 | AQ74: 1270247168 | AR74: 1133269504 | AS74: 1104341120 | AT74: 378385056 | AU74: 964562560 | AV74: 939776256 | AW74: 1240424704 | AX74: 1078793472 | AY74: 1051120000 | AZ74: 1119666304 | BA74: 989721984
A75: 16694 | B75: MINE_ECO24 | C75: minE | D75: MINE_ECO24; MINE_ECO27; MINE_ECO45; MINE_ECO55; MINE_ECO57; MINE_ECO5E; MINE_ECO7I; MINE_ECO81; MINE_ECO8A; MINE_ECOBW; MINE_ECODH; MINE_ECOHS; MINE_ECOK1; MINE_ECOL5; MINE_ECOL6; MINE_ECOLC; MINE_ECOLI; MINE_ECOLU; MINE_ECOSE; MINE_ECOSM; MINE_ECOUT | F75: sp|A7ZKU5|MINE_ECO24 Cell division topological specificity factor OS=Escherichia coli O139:H28 (strain E24377A / ETEC) OX=331111 GN=minE PE=3 SV=1 | G75: 374.009 | H75: true | I75: 2 | J75: 21 | K75: 0 | L75: 76.14 | M75: 10234 | N75: 7 | O75: 7 | P75: 7 | Q75: 8 | R75: 8 | S75: 578 | T75: 578 | U75: 8 | V75: 8 | W75: 8 | X75: 8 | Y75: 8 | Z75: 6 | AA75: 8 | AB75: 7 | AC75: 8 | AD75: 117 | AE75: 113 | AF75: 141 | AG75: 107 | AH75: 19 | AI75: 13 | AJ75: 28 | AK75: 40 | AL75: 174090496 | AM75: 119813320 | AN75: 282365408 | AO75: 385399904 | AP75: 67453032 | AQ75: 64157356 | AR75: 174006720 | AS75: 203640672 | AT75: 230040384 | AU75: 174788928 | AV75: 194730064 | AW75: 187295296 | AX75: 56884088 | AY75: 54533076 | AZ75: 137524496 | BA75: 141835984
A76: 16859 | B76: HIS7_ECOLI | C76: hisB | D76: HIS7_ECOLI | F76: sp|P06987|HIS7_ECOLI Histidine biosynthesis bifunctional protein HisB OS=Escherichia coli (strain K12) OX=83333 GN=hisB PE=1 SV=1 | G76: 373.021 | H76: true | I76: 2 | J76: 1 | K76: 0 | L76: 32.11 | M76: 40277 | N76: 21 | O76: 11 | P76: 1 | Q76: 11 | R76: 1 | S76: 322 | T76: 8 | U76: 1 | V76: 1 | W76: 1 | X76: 1 | Y76: 1 | Z76: 1 | AA76: 1 | AB76: 1 | AC76: 1 | AD76: 1 | AE76: 1 | AF76: 1 | AG76: 1 | AH76: 2 | AI76: 1 | AJ76: 0 | AK76: 1 | AL76: 140447568 | AM76: 121469656 | AN76: 340904320 | AO76: 373798528 | AP76: 268876512 | AQ76: 286885728 | AR76: 252962400 | AS76: 269694496 | AT76: 16180059 | AU76: 12826388 | AV76: 13603721 | AW76: 11890271 | AX76: 17990024 | AY76: 17161070 | AZ76: 13031321 | BA76: 13702510
A77: 16764 | B77: RS20_ECO24 | C77: rpsT | D77: RS20_ECO24; RS20_ECO27; RS20_ECO45; RS20_ECO55; RS20_ECO57; RS20_ECO5E; RS20_ECO7I; RS20_ECO81; RS20_ECO8A; RS20_ECOBW; RS20_ECODH; RS20_ECOHS; RS20_ECOL5; RS20_ECOL6; RS20_ECOLC; RS20_ECOLI; RS20_ECOLU; RS20_ECOSE; RS20_ECOSM; RS20_ECOUT | F77: sp|A7ZHB2|RS20_ECO24 30S ribosomal protein S20 OS=Escherichia coli O139:H28 (strain E24377A / ETEC) OX=331111 GN=rpsT PE=3 SV=1 | G77: 371.551 | H77: true | I77: 2 | J77: 20 | K77: 0 | L77: 48.28 | M77: 9684 | N77: 4 | O77: 8 | P77: 8 | Q77: 9 | R77: 9 | S77: 1321 | T77: 1321 | U77: 9 | V77: 4 | W77: 7 | X77: 8 | Y77: 9 | Z77: 9 | AA77: 8 | AB77: 8 | AC77: 9 | AD77: 199 | AE77: 214 | AF77: 182 | AG77: 162 | AH77: 155 | AI77: 147 | AJ77: 106 | AK77: 156 | AL77: 1902126208 | AM77: 2091141248 | AN77: 1329081344 | AO77: 1719872512 | AP77: 1055136384 | AQ77: 1056120448 | AR77: 834818112 | AS77: 1409396224 | AT77: 72418856 | AU77: 897612608 | AV77: 781321472 | AW77: 1507972608 | AX77: 1116693376 | AY77: 842564096 | AZ77: 868217536 | BA77: 1004225856
A78: 16751 | B78: UPI001D0F4A03_Aequorea | D78: UPI001D0F4A03_Aequorea | E78: A0A059PIR9_AEQVI | F78: sp|UPI001D0F4A03|UPI001D0F4A03_Aequorea Aequorea victoria mVenus UniParc | G78: 371.238 | H78: true | I78: 2 | J78: 1 | K78: 1 | L78: 55.92 | M78: 27714 | N78: 13 | O78: 9 | P78: 9 | Q78: 10 | R78: 10 | S78: 422 | T78: 422 | U78: 10 | V78: 7 | W78: 7 | X78: 9 | Y78: 8 | Z78: 7 | AA78: 7 | AB78: 8 | AC78: 9 | AD78: 72 | AE78: 83 | AF78: 82 | AG78: 56 | AH78: 22 | AI78: 22 | AJ78: 40 | AK78: 43 | AL78: 164938720 | AM78: 161214672 | AN78: 262732336 | AO78: 319299008 | AP78: 48546400 | AQ78: 52987348 | AR78: 131162688 | AS78: 125733376 | AT78: 142710512 | AU78: 136497488 | AV78: 134165056 | AW78: 108473904 | AX78: 34972336 | AY78: 33299914 | AZ78: 86870544 | BA78: 86586024
A79: 16722 | B79: RL13_ECO24 | C79: rplM | D79: RL13_ECO24; RL13_ECO27; RL13_ECO45; RL13_ECO55; RL13_ECO57; RL13_ECO5E; RL13_ECO7I; RL13_ECO81; RL13_ECO8A; RL13_ECOBW; RL13_ECODH; RL13_ECOHS; RL13_ECOK1; RL13_ECOL5; RL13_ECOL6; RL13_ECOLC; RL13_ECOLI; RL13_ECOLU; RL13_ECOSE; RL13_ECOSM; RL13_ECOUT | F79: sp|A7ZSC5|RL13_ECO24 50S ribosomal protein L13 OS=Escherichia coli O139:H28 (strain E24377A / ETEC) OX=331111 GN=rplM PE=3 SV=1 | G79: 356.628 | H79: true | I79: 2 | J79: 21 | K79: 0 | L79: 81.69 | M79: 16018 | N79: 8 | O79: 13 | P79: 13 | Q79: 13 | R79: 13 | S79: 371 | T79: 371 | U79: 13 | V79: 10 | W79: 11 | X79: 11 | Y79: 13 | Z79: 11 | AA79: 12 | AB79: 12 | AC79: 12 | AD79: 69 | AE79: 69 | AF79: 22 | AG79: 35 | AH79: 37 | AI79: 49 | AJ79: 43 | AK79: 47 | AL79: 485638336 | AM79: 604378816 | AN79: 231604224 | AO79: 302244832 | AP79: 280283136 | AQ79: 398240192 | AR79: 326438720 | AS79: 337329856 | AT79: 403559360 | AU79: 555920576 | AV79: 121770240 | AW79: 153035712 | AX79: 187952464 | AY79: 250085712 | AZ79: 211626800 | BA79: 205146912
A80: 16795 | B80: DNAK_ECO24 | C80: dnaK | D80: DNAK_ECO24; DNAK_ECO57; DNAK_ECOHS; DNAK_ECOK1; DNAK_ECOL5; DNAK_ECOL6; DNAK_ECOLC; DNAK_ECOLI; DNAK_ECOUT | F80: sp|A7ZHA4|DNAK_ECO24 Chaperone protein DnaK OS=Escherichia coli O139:H28 (strain E24377A / ETEC) OX=331111 GN=dnaK PE=3 SV=1 | G80: 356.562 | H80: true | I80: 2 | J80: 9 | K80: 0 | L80: 19.75 | M80: 69114 | N80: 39 | O80: 11 | P80: 11 | Q80: 11 | R80: 11 | S80: 72 | T80: 72 | U80: 11 | V80: 8 | W80: 6 | X80: 9 | Y80: 10 | Z80: 11 | AA80: 10 | AB80: 10 | AC80: 11 | AD80: 7 | AE80: 5 | AF80: 9 | AG80: 10 | AH80: 12 | AI80: 12 | AJ80: 8 | AK80: 9 | AL80: 19527196 | AM80: 12361025 | AN80: 46686248 | AO80: 69466344 | AP80: 36698244 | AQ80: 41960800 | AR80: 29341724 | AS80: 34499244 | AT80: 17311950 | AU80: 4188656.2 | AV80: 17781756 | AW80: 30408982 | AX80: 23345356 | AY80: 22642400 | AZ80: 17605328 | BA80: 20585470
A81: 16826 | B81: CMPDT_ECO57 | C81: pheA | D81: CMPDT_ECO57; CMPDT_ECOLI | F81: sp|P0A9J9|CMPDT_ECO57 Bifunctional chorismate mutase/prephenate dehydratase OS=Escherichia coli O157:H7 OX=83334 GN=pheA PE=3 SV=1 | G81: 352.517 | H81: true | I81: 2 | J81: 2 | K81: 0 | L81: 29.02 | M81: 43110 | N81: 21 | O81: 13 | P81: 13 | Q81: 13 | R81: 13 | S81: 103 | T81: 103 | U81: 13 | V81: 8 | W81: 10 | X81: 12 | Y81: 13 | Z81: 12 | AA81: 12 | AB81: 12 | AC81: 13 | AD81: 8 | AE81: 13 | AF81: 14 | AG81: 14 | AH81: 13 | AI81: 14 | AJ81: 14 | AK81: 13 | AL81: 34905752 | AM81: 48297512 | AN81: 135061696 | AO81: 171899344 | AP81: 69680360 | AQ81: 76504544 | AR81: 62798080 | AS81: 79979832 | AT81: 31749206 | AU81: 38919636 | AV81: 64038180 | AW81: 78660944 | AX81: 39864988 | AY81: 40683848 | AZ81: 36238636 | BA81: 40637704
A82: 16691 | B82: SYR_ECO27 | C82: argS | D82: SYR_ECO27; SYR_ECO7I; SYR_ECOBW; SYR_ECODH; SYR_ECOL6; SYR_ECOLC; SYR_ECOLI; SYR_ECOLU; SYR_ECOSE; SYR_ECOSM | E82: SYR_ECO24; SYR_ECO45; SYR_ECO55; SYR_ECO57; SYR_ECO5E; SYR_ECO81; SYR_ECO8A; SYR_ECOHS; SYR_ECOK1; SYR_ECOL5; SYR_ECOUT | F82: sp|B7USQ3|SYR_ECO27 Arginine--tRNA ligase OS=Escherichia coli O127:H6 (strain E2348/69 / EPEC) OX=574521 GN=argS PE=3 SV=1 | G82: 351.297 | H82: true | I82: 2 | J82: 10 | K82: 11 | L82: 24.26 | M82: 64640 | N82: 37 | O82: 12 | P82: 12 | Q82: 12 | R82: 12 | S82: 49 | T82: 49 | U82: 12 | V82: 9 | W82: 8 | X82: 10 | Y82: 10 | Z82: 12 | AA82: 12 | AB82: 11 | AC82: 10 | AD82: 5 | AE82: 2 | AF82: 3 | AG82: 4 | AH82: 7 | AI82: 12 | AJ82: 4 | AK82: 12 | AL82: 15464687 | AM82: 15145338 | AN82: 15858089 | AO82: 18824152 | AP82: 23635928 | AQ82: 34065260 | AR82: 21302576 | AS82: 29478742 | AT82: 15462984 | AU82: 15024726 | AV82: 7496217 | AW82: 7220628.5 | AX82: 13938579 | AY82: 18997706 | AZ82: 11162094 | BA82: 13928578
A83: 16706 | B83: ODO1_ECO57 | C83: sucA | D83: ODO1_ECO57; ODO1_ECOL6; ODO1_ECOLI | F83: sp|P0AFG5|ODO1_ECO57 2-oxoglutarate dehydrogenase E1 component OS=Escherichia coli O157:H7 OX=83334 GN=sucA PE=3 SV=1 | G83: 336.592 | H83: true | I83: 2 | J83: 3 | K83: 0 | L83: 17.9 | M83: 105060 | N83: 51 | O83: 13 | P83: 13 | Q83: 13 | R83: 13 | S83: 48 | T83: 48 | U83: 13 | V83: 5 | W83: 6 | X83: 13 | Y83: 13 | Z83: 12 | AA83: 13 | AB83: 12 | AC83: 13 | AD83: 0 | AE83: 0 | AF83: 6 | AG83: 12 | AH83: 5 | AI83: 10 | AJ83: 8 | AK83: 7 | AL83: 4758183 | AM83: 5794201 | AN83: 24808878 | AO83: 31537796 | AP83: 14045788 | AQ83: 16165631 | AR83: 14575203 | AS83: 17655578 | AT83: 531274.12 | AU83: 496453.91 | AV83: 14898365 | AW83: 12629201 | AX83: 9026881 | AY83: 9164639 | AZ83: 8406478 | BA83: 9346403
A84: 16695 | B84: RS16_ECO24 | C84: rpsP | D84: RS16_ECO24; RS16_ECO27; RS16_ECO45; RS16_ECO55; RS16_ECO57; RS16_ECO5E; RS16_ECO7I; RS16_ECO81; RS16_ECO8A; RS16_ECOBW; RS16_ECODH; RS16_ECOHS; RS16_ECOL5; RS16_ECOL6; RS16_ECOLC; RS16_ECOLI; RS16_ECOLU; RS16_ECOSE; RS16_ECOSM | F84: sp|A7ZQ49|RS16_ECO24 30S ribosomal protein S16 OS=Escherichia coli O139:H28 (strain E24377A / ETEC) OX=331111 GN=rpsP PE=3 SV=1 | G84: 334.316 | H84: true | I84: 2 | J84: 19 | K84: 0 | L84: 58.54 | M84: 9190 | N84: 4 | O84: 7 | P84: 7 | Q84: 7 | R84: 7 | S84: 1449 | T84: 1449 | U84: 7 | V84: 6 | W84: 7 | X84: 7 | Y84: 7 | Z84: 7 | AA84: 7 | AB84: 7 | AC84: 7 | AD84: 153 | AE84: 176 | AF84: 237 | AG84: 202 | AH84: 193 | AI84: 181 | AJ84: 138 | AK84: 169 | AL84: 1162873344 | AM84: 1203464576 | AN84: 1373198848 | AO84: 1785121536 | AP84: 1088250752 | AQ84: 1087653120 | AR84: 776024192 | AS84: 1210152704 | AT84: 985642496 | AU84: 1117698304 | AV84: 1233983232 | AW84: 1268739840 | AX84: 1195821952 | AY84: 1070647424 | AZ84: 821056128 | BA84: 1044942144
A85: 16704 | B85: SYE_ECO24 | C85: gltX | D85: SYE_ECO24; SYE_ECODH; SYE_ECOHS; SYE_ECOK1; SYE_ECOL6; SYE_ECOLC; SYE_ECOLI; SYE_ECOSE; SYE_ECOSM; SYE_ECOUT | E85: SYE_ECO57; SYE_ECO5E; SYE_ECOL5 | F85: sp|A7ZPK7|SYE_ECO24 Glutamate--tRNA ligase OS=Escherichia coli O139:H28 (strain E24377A / ETEC) OX=331111 GN=gltX PE=3 SV=1 | G85: 332.785 | H85: true | I85: 2 | J85: 10 | K85: 3 | L85: 36.31 | M85: 53815 | N85: 27 | O85: 13 | P85: 13 | Q85: 13 | R85: 13 | S85: 80 | T85: 80 | U85: 13 | V85: 8 | W85: 10 | X85: 11 | Y85: 11 | Z85: 13 | AA85: 12 | AB85: 12 | AC85: 12 | AD85: 9 | AE85: 11 | AF85: 6 | AG85: 9 | AH85: 10 | AI85: 14 | AJ85: 11 | AK85: 10 | AL85: 28605516 | AM85: 26284622 | AN85: 391880224 | AO85: 48399216 | AP85: 245756800 | AQ85: 254847584 | AR85: 185338128 | AS85: 47552256 | AT85: 42307692 | AU85: 67521552 | AV85: 76206968 | AW85: 60860648 | AX85: 126080392 | AY85: 126529280 | AZ85: 86915928 | BA85: 90876040
A86: 16699 | B86: NDK_ECO24 | C86: ndk | D86: NDK_ECO24; NDK_ECO55; NDK_ECO57; NDK_ECO5E; NDK_ECO8A; NDK_ECOBW; NDK_ECODH; NDK_ECOHS; NDK_ECOLC; NDK_ECOLI; NDK_ECOLU; NDK_ECOSE | E86: NDK_ECO27; NDK_ECO45; NDK_ECO7I; NDK_ECO81; NDK_ECOK1; NDK_ECOL5; NDK_ECOL6; NDK_ECOSM; NDK_ECOUT | F86: sp|A7ZPW1|NDK_ECO24 Nucleoside diphosphate kinase OS=Escherichia coli O139:H28 (strain E24377A / ETEC) OX=331111 GN=ndk PE=3 SV=1 | G86: 321.435 | H86: true | I86: 2 | J86: 12 | K86: 9 | L86: 60.84 | M86: 15463 | N86: 10 | O86: 7 | P86: 7 | Q86: 7 | R86: 7 | S86: 158 | T86: 158 | U86: 7 | V86: 7 | W86: 7 | X86: 5 | Y86: 6 | Z86: 6 | AA86: 7 | AB86: 6 | AC86: 7 | AD86: 42 | AE86: 46 | AF86: 7 | AG86: 7 | AH86: 15 | AI86: 15 | AJ86: 11 | AK86: 14 | AL86: 293139296 | AM86: 293829504 | AN86: 79452880 | AO86: 94274192 | AP86: 181884160 | AQ86: 206713008 | AR86: 165971344 | AS86: 189849552 | AT86: 313706880 | AU86: 322417792 | AV86: 40129772 | AW86: 34083012 | AX86: 111570000 | AY86: 121490200 | AZ86: 91379184 | BA86: 90659056
A87: 16753 | B87: RS18_ECO24 | C87: rpsR | D87: RS18_ECO24; RS18_ECO27; RS18_ECO45; RS18_ECO55; RS18_ECO57; RS18_ECO5E; RS18_ECO7I; RS18_ECO81; RS18_ECO8A; RS18_ECOBW; RS18_ECODH; RS18_ECOHS; RS18_ECOL5; RS18_ECOL6; RS18_ECOLC; RS18_ECOLI; RS18_ECOLU; RS18_ECOSE; RS18_ECOSM; RS18_ECOUT | F87: sp|A7ZV73|RS18_ECO24 30S ribosomal protein S18 OS=Escherichia coli O139:H28 (strain E24377A / ETEC) OX=331111 GN=rpsR PE=3 SV=1 | G87: 319.334 | H87: true | I87: 2 | J87: 20 | K87: 0 | L87: 60 | M87: 8986 | N87: 4 | O87: 7 | P87: 7 | Q87: 7 | R87: 7 | S87: 732 | T87: 732 | U87: 7 | V87: 5 | W87: 4 | X87: 7 | Y87: 7 | Z87: 7 | AA87: 7 | AB87: 7 | AC87: 7 | AD87: 102 | AE87: 133 | AF87: 83 | AG87: 87 | AH87: 79 | AI87: 75 | AJ87: 78 | AK87: 95 | AL87: 1765390720 | AM87: 1772220800 | AN87: 1421424512 | AO87: 1712943488 | AP87: 1007060608 | AQ87: 1079790336 | AR87: 910056384 | AS87: 1170210176 | AT87: 436600608 | AU87: 351794112 | AV87: 707336640 | AW87: 1295470720 | AX87: 1063375552 | AY87: 757551424 | AZ87: 962607936 | BA87: 890599744
A88: 16725 | B88: RS14_ECO24 | C88: rpsN | D88: RS14_ECO24; RS14_ECO45; RS14_ECO57; RS14_ECO5E; RS14_ECO7I; RS14_ECODH; RS14_ECOHS; RS14_ECOK1; RS14_ECOL5; RS14_ECOL6; RS14_ECOLC; RS14_ECOLI; RS14_ECOLU; RS14_ECOSE; RS14_ECOSM; RS14_ECOUT | F88: sp|A7ZSJ6|RS14_ECO24 30S ribosomal protein S14 OS=Escherichia coli O139:H28 (strain E24377A / ETEC) OX=331111 GN=rpsN PE=3 SV=1 | G88: 317.678 | H88: true | I88: 2 | J88: 16 | K88: 0 | L88: 53.47 | M88: 11580 | N88: 7 | O88: 11 | P88: 2 | Q88: 11 | R88: 2 | S88: 1413 | T88: 757 | U88: 2 | V88: 2 | W88: 2 | X88: 2 | Y88: 2 | Z88: 2 | AA88: 2 | AB88: 2 | AC88: 2 | AD88: 101 | AE88: 113 | AF88: 92 | AG88: 81 | AH88: 100 | AI88: 100 | AJ88: 85 | AK88: 85 | AL88: 555466816 | AM88: 516959296 | AN88: 859135040 | AO88: 1312527232 | AP88: 722952000 | AQ88: 741898240 | AR88: 721151552 | AS88: 655127872 | AT88: 37913516 | AU88: 48139752 | AV88: 61049296 | AW88: 92697776 | AX88: 136442560 | AY88: 129593976 | AZ88: 137672256 | BA88: 139516896
A89: 16730 | B89: STHA_ECO24 | C89: sthA | D89: STHA_ECO24; STHA_ECO27; STHA_ECO45; STHA_ECO55; STHA_ECO5E; STHA_ECO7I; STHA_ECO81; STHA_ECO8A; STHA_ECOBW; STHA_ECODH; STHA_ECOHS; STHA_ECOK1; STHA_ECOL6; STHA_ECOLC; STHA_ECOLI; STHA_ECOLU; STHA_ECOSE; STHA_ECOSM; STHA_ECOUT | E89: STHA_ECO57; STHA_ECOL5 | F89: sp|A7ZUI2|STHA_ECO24 Soluble pyridine nucleotide transhydrogenase OS=Escherichia coli O139:H28 (strain E24377A / ETEC) OX=331111 GN=sthA PE=3 SV=1 | G89: 307.501 | H89: true | I89: 2 | J89: 19 | K89: 2 | L89: 31.33 | M89: 51559 | N89: 27 | O89: 10 | P89: 10 | Q89: 10 | R89: 10 | S89: 21 | T89: 21 | U89: 10 | V89: 5 | W89: 6 | X89: 9 | Y89: 10 | Z89: 9 | AA89: 10 | AB89: 10 | AC89: 10 | AD89: 1 | AE89: 1 | AF89: 2 | AG89: 11 | AH89: 0 | AI89: 3 | AJ89: 1 | AK89: 3 | AL89: 85934672 | AM89: 92816328 | AN89: 156380960 | AO89: 180032832 | AP89: 72190072 | AQ89: 78196968 | AR89: 193831392 | AS89: 259092112 | AT89: 4092697.8 | AU89: 40787676 | AV89: 107240680 | AW89: 119789200 | AX89: 79395096 | AY89: 84384464 | AZ89: 85182224 | BA89: 83615200
A90: 16773 | B90: RBFA_ECO24 | C90: rbfA | D90: RBFA_ECO24; RBFA_ECO27; RBFA_ECO45; RBFA_ECO55; RBFA_ECO57; RBFA_ECO5E; RBFA_ECO7I; RBFA_ECO81; RBFA_ECO8A; RBFA_ECOBW; RBFA_ECODH; RBFA_ECOHS; RBFA_ECOK1; RBFA_ECOL5; RBFA_ECOL6; RBFA_ECOLC; RBFA_ECOLI; RBFA_ECOLU; RBFA_ECOSE; RBFA_ECOSM; RBFA_ECOUT | F90: sp|A7ZS64|RBFA_ECO24 Ribosome-binding factor A OS=Escherichia coli O139:H28 (strain E24377A / ETEC) OX=331111 GN=rbfA PE=3 SV=1 | G90: 306.712 | H90: true | I90: 2 | J90: 21 | K90: 0 | L90: 63.16 | M90: 15154 | N90: 10 | O90: 7 | P90: 7 | Q90: 7 | R90: 7 | S90: 73 | T90: 73 | U90: 7 | V90: 6 | W90: 6 | X90: 6 | Y90: 7 | Z90: 6 | AA90: 6 | AB90: 7 | AC90: 7 | AD90: 12 | AE90: 7 | AF90: 9 | AG90: 12 | AH90: 9 | AI90: 9 | AJ90: 9 | AK90: 6 | AL90: 83383256 | AM90: 78841512 | AN90: 158210208 | AO90: 184838320 | AP90: 87238584 | AQ90: 98238640 | AR90: 90432208 | AS90: 68239712 | AT90: 90523208 | AU90: 64383368 | AV90: 69080872 | AW90: 70306224 | AX90: 57006220 | AY90: 56330036 | AZ90: 52838568 | BA90: 38541236
A91: 16689 | B91: THID_ECOLI | C91: thiD | D91: THID_ECOLI | F91: sp|P76422|THID_ECOLI Hydroxymethylpyrimidine/phosphomethylpyrimidine kinase OS=Escherichia coli (strain K12) OX=83333 GN=thiD PE=1 SV=1 | G91: 297.516 | H91: true | I91: 2 | J91: 1 | K91: 0 | L91: 46.99 | M91: 28633 | N91: 14 | O91: 8 | P91: 8 | Q91: 8 | R91: 8 | S91: 39 | T91: 39 | U91: 8 | V91: 5 | W91: 4 | X91: 5 | Y91: 8 | Z91: 7 | AA91: 8 | AB91: 8 | AC91: 8 | AD91: 2 | AE91: 2 | AF91: 4 | AG91: 7 | AH91: 5 | AI91: 6 | AJ91: 6 | AK91: 7 | AL91: 5135334 | AM91: 4126657.5 | AN91: 18890034 | AO91: 29347892 | AP91: 13567132 | AQ91: 14231710 | AR91: 14934888 | AS91: 15918568 | AT91: 4877041.5 | AU91: 1381226.2 | AV91: 7731622.5 | AW91: 11516428 | AX91: 6605317.5 | AY91: 8585543 | AZ91: 8880927 | BA91: 8793157
A92: 16863 | B92: AROG_ECO57 | C92: aroG | D92: AROG_ECO57; AROG_ECOLI | E92: AROF_ECOLI | F92: sp|P0AB92|AROG_ECO57 Phospho-2-dehydro-3-deoxyheptonate aldolase, Phe-sensitive OS=Escherichia coli O157:H7 OX=83334 GN=aroG PE=3 SV=1 | G92: 285.243 | H92: true | I92: 2 | J92: 2 | K92: 1 | L92: 22.57 | M92: 38009 | N92: 19 | O92: 6 | P92: 6 | Q92: 6 | R92: 6 | S92: 63 | T92: 63 | U92: 6 | V92: 3 | W92: 4 | X92: 6 | Y92: 6 | Z92: 6 | AA92: 6 | AB92: 6 | AC92: 6 | AD92: 2 | AE92: 1 | AF92: 11 | AG92: 11 | AH92: 12 | AI92: 10 | AJ92: 8 | AK92: 8 | AL92: 19685512 | AM92: 35007324 | AN92: 114294704 | AO92: 176193056 | AP92: 76855928 | AQ92: 208380128 | AR92: 79908432 | AS92: 82303792 | AT92: 891917.19 | AU92: 586075.5 | AV92: 81079464 | AW92: 100137240 | AX92: 70756304 | AY92: 85968960 | AZ92: 75095416 | BA92: 66004788
A93: 16771 | B93: THIM_ECO24 | C93: thiM | D93: THIM_ECO24; THIM_ECOBW; THIM_ECODH; THIM_ECOHS; THIM_ECOLC; THIM_ECOLI | E93: THIM_ECO27; THIM_ECO45; THIM_ECO55; THIM_ECO57; THIM_ECO5E; THIM_ECO7I; THIM_ECO81; THIM_ECO8A; THIM_ECOK1; THIM_ECOL5; THIM_ECOL6; THIM_ECOLU; THIM_ECOSE; THIM_ECOSM; THIM_ECOUT | F93: sp|A7ZNS3|THIM_ECO24 Hydroxyethylthiazole kinase OS=Escherichia coli O139:H28 (strain E24377A / ETEC) OX=331111 GN=thiM PE=3 SV=1 | G93: 284.331 | H93: true | I93: 2 | J93: 6 | K93: 15 | L93: 35.88 | M93: 27337 | N93: 7 | O93: 6 | P93: 6 | Q93: 6 | R93: 6 | S93: 35 | T93: 35 | U93: 6 | V93: 3 | W93: 4 | X93: 4 | Y93: 6 | Z93: 6 | AA93: 5 | AB93: 6 | AC93: 6 | AD93: 3 | AE93: 1 | AF93: 4 | AG93: 5 | AH93: 7 | AI93: 4 | AJ93: 5 | AK93: 5 | AL93: 8282245.5 | AM93: 9991462 | AN93: 26045228 | AO93: 32480930 | AP93: 24338314 | AQ93: 26569818 | AR93: 24556366 | AS93: 26702522 | AT93: 8405412 | AU93: 7682900 | AV93: 11239710 | AW93: 9562922 | AX93: 15793011 | AY93: 16544955 | AZ93: 15399817 | BA93: 15436980
A94: 16802 | B94: CON__TRYP_PIG | D94: CON__TRYP_PIG | F94: sp|P00761|CON__TRYP_PIG Trypsin OS=Sus scrofa OX=9823 PE=1 SV=1 | G94: 270.841 | H94: true | I94: 2 | J94: 1 | K94: 0 | L94: 25.11 | M94: 24409 | N94: 12 | O94: 4 | P94: 4 | Q94: 5 | R94: 5 | S94: 421 | T94: 421 | U94: 5 | V94: 5 | W94: 5 | X94: 4 | Y94: 5 | Z94: 4 | AA94: 5 | AB94: 5 | AC94: 4 | AD94: 46 | AE94: 45 | AF94: 27 | AG94: 31 | AH94: 64 | AI94: 71 | AJ94: 71 | AK94: 66 | AL94: 1026200128 | AM94: 971142016 | AN94: 1031823232 | AO94: 1121117568 | AP94: 1054858624 | AQ94: 1085889280 | AR94: 918272192 | AS94: 939814656 | AT94: 748378880 | AU94: 670937600 | AV94: 416678688 | AW94: 458414464 | AX94: 684117696 | AY94: 746946624 | AZ94: 692789952 | BA94: 624637760
A95: 16660 | B95: RL14_ECO24 | C95: rplN | D95: RL14_ECO24; RL14_ECO27; RL14_ECO45; RL14_ECO55; RL14_ECO57; RL14_ECO5E; RL14_ECO7I; RL14_ECO81; RL14_ECO8A; RL14_ECOBW; RL14_ECODH; RL14_ECOHS; RL14_ECOK1; RL14_ECOL5; RL14_ECOL6; RL14_ECOLC; RL14_ECOLI; RL14_ECOLU; RL14_ECOSE; RL14_ECOSM; RL14_ECOUT | F95: sp|A7ZSJ9|RL14_ECO24 50S ribosomal protein L14 OS=Escherichia coli O139:H28 (strain E24377A / ETEC) OX=331111 GN=rplN PE=3 SV=1 | G95: 262.965 | H95: true | I95: 2 | J95: 21 | K95: 0 | L95: 47.97 | M95: 13540 | N95: 7 | O95: 9 | P95: 9 | Q95: 11 | R95: 11 | S95: 382 | T95: 382 | U95: 11 | V95: 11 | W95: 10 | X95: 9 | Y95: 9 | Z95: 10 | AA95: 10 | AB95: 9 | AC95: 10 | AD95: 72 | AE95: 81 | AF95: 20 | AG95: 35 | AH95: 43 | AI95: 47 | AJ95: 42 | AK95: 41 | AL95: 588458048 | AM95: 593927936 | AN95: 371452096 | AO95: 613759744 | AP95: 436400992 | AQ95: 545170496 | AR95: 499518080 | AS95: 424520032 | AT95: 652688128 | AU95: 743906944 | AV95: 200332800 | AW95: 187852528 | AX95: 293445024 | AY95: 336629152 | AZ95: 298274272 | BA95: 214258528
A96: 16714 | B96: SLYD_ECO57 | C96: slyD | D96: SLYD_ECO57; SLYD_ECOL6; SLYD_ECOLI | F96: sp|P0A9L1|SLYD_ECO57 FKBP-type peptidyl-prolyl cis-trans isomerase SlyD OS=Escherichia coli O157:H7 OX=83334 GN=slyD PE=3 SV=1 | G96: 261.097 | H96: true | I96: 2 | J96: 3 | K96: 0 | L96: 46.43 | M96: 20852 | N96: 5 | O96: 5 | P96: 5 | Q96: 5 | R96: 5 | S96: 77 | T96: 77 | U96: 5 | V96: 3 | W96: 3 | X96: 5 | Y96: 5 | Z96: 4 | AA96: 4 | AB96: 5 | AC96: 5 | AD96: 0 | AE96: 0 | AF96: 15 | AG96: 16 | AH96: 13 | AI96: 13 | AJ96: 7 | AK96: 12 | AL96: 14249614 | AM96: 8878714 | AN96: 43281124 | AO96: 88288144 | AP96: 49793308 | AQ96: 58982596 | AR96: 58060548 | AS96: 65911980 | AT96: 13484303 | AU96: 10849554 | AV96: 21997814 | AW96: 27719122 | AX96: 30030364 | AY96: 32074992 | AZ96: 29426924 | BA96: 30697658
A97: 16827 | B97: FUR_ECO57 | C97: fur | D97: FUR_ECO57; FUR_ECOL6; FUR_ECOLI | F97: sp|P0A9B1|FUR_ECO57 Ferric uptake regulation protein OS=Escherichia coli O157:H7 OX=83334 GN=fur PE=3 SV=1 | G97: 251.665 | H97: true | I97: 2 | J97: 3 | K97: 0 | L97: 46.62 | M97: 16794 | N97: 9 | O97: 5 | P97: 5 | Q97: 5 | R97: 5 | S97: 56 | T97: 56 | U97: 5 | V97: 4 | W97: 3 | X97: 5 | Y97: 5 | Z97: 5 | AA97: 5 | AB97: 5 | AC97: 5 | AD97: 3 | AE97: 4 | AF97: 9 | AG97: 9 | AH97: 8 | AI97: 10 | AJ97: 6 | AK97: 7 | AL97: 19331596 | AM97: 18727552 | AN97: 74735600 | AO97: 115859240 | AP97: 47824344 | AQ97: 55365004 | AR97: 53446440 | AS97: 63112828 | AT97: 3352492 | AU97: 2378300.8 | AV97: 39996276 | AW97: 54997128 | AX97: 26666372 | AY97: 44370024 | AZ97: 39274628 | BA97: 43384508
A98: 16708 | B98: RL29_ECO24 | C98: rpmC | D98: RL29_ECO24; RL29_ECO27; RL29_ECO45; RL29_ECO55; RL29_ECO57; RL29_ECO5E; RL29_ECO7I; RL29_ECO81; RL29_ECO8A; RL29_ECOBW; RL29_ECODH; RL29_ECOHS; RL29_ECOL5; RL29_ECOL6; RL29_ECOLC; RL29_ECOLI; RL29_ECOLU; RL29_ECOSE; RL29_ECOSM; RL29_ECOUT | F98: sp|A7ZSK1|RL29_ECO24 50S ribosomal protein L29 OS=Escherichia coli O139:H28 (strain E24377A / ETEC) OX=331111 GN=rpmC PE=3 SV=1 | G98: 247.394 | H98: true | I98: 2 | J98: 20 | K98: 0 | L98: 71.43 | M98: 7273 | N98: 4 | O98: 7 | P98: 7 | Q98: 8 | R98: 8 | S98: 206 | T98: 206 | U98: 8 | V98: 5 | W98: 5 | X98: 7 | Y98: 8 | Z98: 8 | AA98: 8 | AB98: 8 | AC98: 8 | AD98: 41 | AE98: 47 | AF98: 12 | AG98: 17 | AH98: 21 | AI98: 21 | AJ98: 26 | AK98: 21 | AL98: 135888784 | AM98: 126266976 | AN98: 125686112 | AO98: 256956448 | AP98: 154683216 | AQ98: 190311120 | AR98: 175730384 | AS98: 151090064 | AT98: 149749792 | AU98: 97690688 | AV98: 71643800 | AW98: 116881904 | AX98: 110792696 | AY98: 123905392 | AZ98: 111220048 | BA98: 83904696
A99: 16715 | B99: RL24_ECO24 | C99: rplX | D99: RL24_ECO24; RL24_ECO55; RL24_ECO57; RL24_ECO5E; RL24_ECO7I; RL24_ECO8A; RL24_ECOBW; RL24_ECODH; RL24_ECOHS; RL24_ECOLC; RL24_ECOLI; RL24_ECOLU; RL24_ECOSE; RL24_ECOSM | E99: RL24_ECO27; RL24_ECO45; RL24_ECO81; RL24_ECOK1; RL24_ECOL5; RL24_ECOL6; RL24_ECOUT | F99: sp|A7ZSJ8|RL24_ECO24 50S ribosomal protein L24 OS=Escherichia coli O139:H28 (strain E24377A / ETEC) OX=331111 GN=rplX PE=3 SV=1 | G99: 235.785 | H99: true | I99: 2 | J99: 14 | K99: 7 | L99: 74.04 | M99: 11316 | N99: 6 | O99: 10 | P99: 10 | Q99: 10 | R99: 10 | S99: 128 | T99: 128 | U99: 10 | V99: 6 | W99: 7 | X99: 6 | Y99: 6 | Z99: 8 | AA99: 8 | AB99: 8 | AC99: 7 | AD99: 15 | AE99: 19 | AF99: 10 | AG99: 22 | AH99: 13 | AI99: 16 | AJ99: 15 | AK99: 18 | AL99: 192690608 | AM99: 232145728 | AN99: 100154104 | AO99: 148606528 | AP99: 113474472 | AQ99: 153569536 | AR99: 141780288 | AS99: 118856384 | AT99: 14551038 | AU99: 147385792 | AV99: 45093340 | AW99: 113884192 | AX99: 112431536 | AY99: 125505760 | AZ99: 125079096 | BA99: 90162024
A100: 16739 | B100: RL30_ECO24 | C100: rpmD | D100: RL30_ECO24; RL30_ECO27; RL30_ECO45; RL30_ECO55; RL30_ECO57; RL30_ECO5E; RL30_ECO7I; RL30_ECO81; RL30_ECO8A; RL30_ECOBW; RL30_ECODH; RL30_ECOHS; RL30_ECOL5; RL30_ECOL6; RL30_ECOLC; RL30_ECOLI; RL30_ECOLU; RL30_ECOSE; RL30_ECOSM; RL30_ECOUT | F100: sp|A7ZSJ1|RL30_ECO24 50S ribosomal protein L30 OS=Escherichia coli O139:H28 (strain E24377A / ETEC) OX=331111 GN=rpmD PE=3 SV=1 | G100: 227.209 | H100: true | I100: 2 | J100: 20 | K100: 0 | L100: 93.22 | M100: 6541 | N100: 4 | O100: 10 | P100: 10 | Q100: 10 | R100: 10 | S100: 416 | T100: 416 | U100: 10 | V100: 8 | W100: 7 | X100: 7 | Y100: 9 | Z100: 9 | AA100: 8 | AB100: 9 | AC100: 9 | AD100: 73 | AE100: 76 | AF100: 31 | AG100: 49 | AH100: 38 | AI100: 43 | AJ100: 62 | AK100: 44 | AL100: 379042848 | AM100: 363901888 | AN100: 249776976 | AO100: 503085920 | AP100: 183199664 | AQ100: 330900416 | AR100: 324100224 | AS100: 297080960 | AT100: 379114816 | AU100: 373548288 | AV100: 141076032 | AW100: 180123328 | AX100: 178419664 | AY100: 172996992 | AZ100: 171287200 | BA100: 138317968
...

Sheet Phage proteins 
A1: protein_set_id | B1: accession | C1: gene_name | D1: samesets_accessions | E1: subsets_accessions | F1: description | G1: protein_set_score | H1: is_validated | I1: selection_level | J1: #sameset_protein_matches | K1: #subset_protein_matches | L1: coverage | M1: MW | N1: #observable_peptides | O1: #sequences | P1: #specific_sequences | Q1: #peptides | R1: #specific_peptides | S1: spectral_count | T1: specific_spectral_count | U1: quantified_peptides_count | V1: peptides_count_1_RepA_well_B1 | W1: peptides_count_2_RepB_well_B9 | X1: peptides_count_3_RepA_well_I3 | Y1: peptides_count_4_RepB_well_I11 | Z1: peptides_count_5_RepA_well_O2 | AA1: peptides_count_6_RepB_well_O10 | AB1: peptides_count_7_RepA_well_A5 | AC1: peptides_count_8_RepB_well_A13 | AD1: psm_count_1_RepA_well_B1 | AE1: psm_count_2_RepB_well_B9 | AF1: psm_count_3_RepA_well_I3 | AG1: psm_count_4_RepB_well_I11 | AH1: psm_count_5_RepA_well_O2 | AI1: psm_count_6_RepB_well_O10 | AJ1: psm_count_7_RepA_well_A5 | AK1: psm_count_8_RepB_well_A13 | AL1: raw_abundance_1_RepA_well_B1 | AM1: raw_abundance_2_RepB_well_B9 | AN1: raw_abundance_3_RepA_well_I3 | AO1: raw_abundance_4_RepB_well_I11 | AP1: raw_abundance_5_RepA_well_O2 | AQ1: raw_abundance_6_RepB_well_O10 | AR1: raw_abundance_7_RepA_well_A5 | AS1: raw_abundance_8_RepB_well_A13 | AT1: abundance_1_RepA_well_B1 | AU1: abundance_2_RepB_well_B9 | AW1: abundance_3_RepA_well_I3 | AX1: abundance_4_RepB_well_I11 | AZ1: abundance_5_RepA_well_O2 | BA1: abundance_6_RepB_well_O10 | BC1: abundance_7_RepA_well_A5 | BD1: abundance_8_RepB_well_A13
A2: 16786 | B2: EFG_ECO24 | C2: fusA | D2: EFG_ECO24; EFG_ECO27; EFG_ECO45; EFG_ECO55; EFG_ECO57; EFG_ECO5E; EFG_ECO7I; EFG_ECO81; EFG_ECO8A; EFG_ECOBW; EFG_ECODH; EFG_ECOHS; EFG_ECOK1; EFG_ECOL5; EFG_ECOL6; EFG_ECOLC; EFG_ECOLI; EFG_ECOSE; EFG_ECOSM; EFG_ECOUT | E2: EFG_ECOLU | F2: sp|A7ZSL5|EFG_ECO24 Elongation factor G OS=Escherichia coli O139:H28 (strain E24377A / ETEC) OX=331111 GN=fusA PE=3 SV=1 | G2: 3169.031 | H2: true | I2: 2 | J2: 20 | K2: 1 | L2: 81.68 | M2: 77580 | N2: 43 | O2: 57 | P2: 57 | Q2: 65 | R2: 65 | S2: 5383 | T2: 5383 | U2: 65 | V2: 47 | W2: 51 | X2: 57 | Y2: 63 | Z2: 60 | AA2: 60 | AB2: 60 | AC2: 59 | AD2: 392 | AE2: 360 | AF2: 785 | AG2: 835 | AH2: 792 | AI2: 817 | AJ2: 615 | AK2: 787 | AL2: 2182097152 | AM2: 1865604480 | AN2: 5362102272 | AO2: 8320054784 | AP2: 4089943296 | AQ2: 4664014848 | AR2: 3693956096 | AS2: 4848675840 | AT2: 1638980992 | AU2: 1337588736 | AW2: 2799779840 | AX2: 3695418112 | AZ2: 3152617728 | BA2: 3273308928 | BC2: 2702001920 | BD2: 3069323776
A3: 16829 | B3: RS1_ECO57 | C3: rpsA | D3: RS1_ECO57; RS1_ECOL6; RS1_ECOLI | F3: sp|P0AG69|RS1_ECO57 30S ribosomal protein S1 OS=Escherichia coli O157:H7 OX=83334 GN=rpsA PE=3 SV=1 | G3: 3150.374 | H3: true | I3: 2 | J3: 3 | K3: 0 | L3: 76.12 | M3: 61157 | N3: 35 | O3: 55 | P3: 55 | Q3: 58 | R3: 58 | S3: 9288 | T3: 9288 | U3: 58 | V3: 48 | W3: 49 | X3: 54 | Y3: 55 | Z3: 56 | AA3: 57 | AB3: 57 | AC3: 56 | AD3: 924 | AE3: 989 | AF3: 1333 | AG3: 1427 | AH3: 1413 | AI3: 1335 | AJ3: 1037 | AK3: 829 | AL3: 5071682048 | AM3: 4869823488 | AN3: 9463989248 | AO3: 11447007232 | AP3: 6379252736 | AQ3: 6611609088 | AR3: 6586499584 | AS3: 5490465280 | AT3: 4292909568 | AU3: 4611912704 | AW3: 5316688896 | AX3: 4718388736 | AZ3: 4811970048 | BA3: 4409207808 | BC3: 4280950272 | BD3: 3152657408
A4: 16721 | B4: PLSB_ECOK1 | C4: plsB | D4: PLSB_ECOK1; PLSB_ECOSE; PLSB_ECOUT | E4: PLSB_ECO24; PLSB_ECO27; PLSB_ECO45; PLSB_ECO55; PLSB_ECO57; PLSB_ECO5E; PLSB_ECO7I; PLSB_ECO81; PLSB_ECO8A; PLSB_ECOBW; PLSB_ECODH; PLSB_ECOHS; PLSB_ECOL6; PLSB_ECOLC; PLSB_ECOLI; PLSB_ECOLU; PLSB_ECOSM | F4: sp|A1AIL8|PLSB_ECOK1 Glycerol-3-phosphate acyltransferase OS=Escherichia coli O1:K1 / APEC OX=405955 GN=plsB PE=3 SV=1 | G4: 2651.157 | H4: true | I4: 2 | J4: 3 | K4: 17 | L4: 62.64 | M4: 93695 | N4: 51 | O4: 49 | P4: 49 | Q4: 62 | R4: 62 | S4: 7522 | T4: 7522 | U4: 62 | V4: 50 | W4: 54 | X4: 57 | Y4: 60 | Z4: 55 | AA4: 56 | AB4: 62 | AC4: 62 | AD4: 598 | AE4: 663 | AF4: 1054 | AG4: 892 | AH4: 542 | AI4: 526 | AJ4: 1520 | AK4: 1727 | AL4: 7062929408 | AM4: 6096701952 | AN4: 12136049664 | AO4: 13151027200 | AP4: 3762981120 | AQ4: 4052071424 | AR4: 18020900864 | AS4: 21608833024 | AT4: 5277456896 | AU4: 4879404544 | AW4: 5952979456 | AX4: 4830801408 | AZ4: 2339232512 | BA4: 2363166208 | BC4: 10993537024 | BD4: 12211140608
A5: 16871 | B5: DPOL_BPPH2 | C5: DPOL | D5: DPOL_BPPH2 | F5: sp|P03680|DPOL_BPPH2 DNA polymerase OS=Bacillus phage phi29 OX=2884424 GN=2 PE=1 SV=1 | G5: 2082.481 | H5: true | I5: 2 | J5: 1 | K5: 0 | L5: 70.61 | M5: 66713 | N5: 40 | O5: 46 | P5: 46 | Q5: 47 | R5: 47 | S5: 4323 | T5: 4323 | U5: 47 | V5: 36 | W5: 38 | X5: 45 | Y5: 47 | Z5: 42 | AA5: 45 | AB5: 47 | AC5: 45 | AD5: 501 | AE5: 516 | AF5: 745 | AG5: 646 | AH5: 398 | AI5: 372 | AJ5: 588 | AK5: 557 | AL5: 3875154688 | AM5: 3359524096 | AN5: 6278807040 | AO5: 7675360256 | AP5: 2221802752 | AQ5: 2413990912 | AR5: 5120246272 | AS5: 4226421248 | AT5: 2918830592 | AU5: 2796321024 | AW5: 3361662208 | AX5: 3118186752 | AZ5: 1527015040 | BA5: 1471797760 | BC5: 3422046208 | BD5: 2544448256
A6: 16664 | B6: EFTU1_ECO24 | C6: tuf1 | D6: EFTU1_ECO24; EFTU1_ECOHS; EFTU1_ECOK1; EFTU1_ECOL5; EFTU1_ECOLC; EFTU1_ECOLI; EFTU1_ECOUT | E6: EFTU2_ECO24; EFTU2_ECOHS; EFTU2_ECOK1; EFTU2_ECOL5; EFTU2_ECOLC; EFTU2_ECOLI; EFTU2_ECOUT; EFTU_ECO57; EFTU_ECOL6 | F6: sp|A7ZSL4|EFTU1_ECO24 Elongation factor Tu 1 OS=Escherichia coli O139:H28 (strain E24377A / ETEC) OX=331111 GN=tuf1 PE=3 SV=1 | G6: 2047.42 | H6: true | I6: 2 | J6: 7 | K6: 9 | L6: 81.73 | M6: 43283 | N6: 26 | O6: 33 | P6: 33 | Q6: 39 | R6: 39 | S6: 9323 | T6: 9323 | U6: 39 | V6: 27 | W6: 27 | X6: 36 | Y6: 38 | Z6: 38 | AA6: 39 | AB6: 38 | AC6: 39 | AD6: 703 | AE6: 764 | AF6: 1188 | AG6: 1406 | AH6: 1297 | AI6: 1349 | AJ6: 1312 | AK6: 1304 | AL6: 4193328128 | AM6: 3974820352 | AN6: 9674161152 | AO6: 12910504960 | AP6: 7836724224 | AQ6: 9476875264 | AR6: 7780093952 | AS6: 9225899008 | AT6: 3003825152 | AU6: 2798942464 | AW6: 5597512192 | AX6: 6589564416 | AZ6: 5849209856 | BA6: 6594433536 | BC6: 5191266816 | BD6: 5928875520
A7: 16819 | B7: SYA_ECODH | C7: alaS | D7: SYA_ECODH; SYA_ECOLC; SYA_ECOLI | E7: SYA_ECO24; SYA_ECO57; SYA_ECOHS; SYA_ECOK1; SYA_ECOL5; SYA_ECOSM; SYA_ECOUT | F7: sp|B1XCM5|SYA_ECODH Alanine--tRNA ligase OS=Escherichia coli (strain K12 / DH10B) OX=316385 GN=alaS PE=3 SV=1 | G7: 2030.782 | H7: true | I7: 2 | J7: 3 | K7: 7 | L7: 61.3 | M7: 96031 | N7: 59 | O7: 49 | P7: 49 | Q7: 50 | R7: 50 | S7: 956 | T7: 956 | U7: 50 | V7: 33 | W7: 39 | X7: 42 | Y7: 47 | Z7: 49 | AA7: 50 | AB7: 49 | AC7: 49 | AD7: 102 | AE7: 104 | AF7: 88 | AG7: 101 | AH7: 142 | AI7: 167 | AJ7: 107 | AK7: 144 | AL7: 623074048 | AM7: 2080943744 | AN7: 2611674112 | AO7: 1457060480 | AP7: 2189307904 | AQ7: 2495125760 | AR7: 1141066752 | AS7: 2398300928 | AT7: 927420672 | AU7: 1079577472 | AW7: 890225280 | AX7: 936472960 | AZ7: 1327956480 | BA7: 1536904064 | BC7: 1101986944 | BD7: 1236866048
A8: 16667 | B8: SYGB_ECOBW | C8: glyS | D8: SYGB_ECOBW; SYGB_ECODH; SYGB_ECOHS; SYGB_ECOLC; SYGB_ECOLI | E8: SYGB_ECO24; SYGB_ECO27; SYGB_ECO45; SYGB_ECO55; SYGB_ECO57; SYGB_ECO5E; SYGB_ECO7I; SYGB_ECO81; SYGB_ECO8A; SYGB_ECOK1; SYGB_ECOL5; SYGB_ECOL6; SYGB_ECOLU; SYGB_ECOSE; SYGB_ECOSM; SYGB_ECOUT | F8: sp|C4ZXE9|SYGB_ECOBW Glycine--tRNA ligase beta subunit OS=Escherichia coli (strain K12 / MC4100 / BW2952) OX=595496 GN=glyS PE=3 SV=1 | G8: 1888.342 | H8: true | I8: 2 | J8: 5 | K8: 16 | L8: 69.52 | M8: 76812 | N8: 46 | O8: 46 | P8: 46 | Q8: 47 | R8: 47 | S8: 609 | T8: 609 | U8: 47 | V8: 34 | W8: 32 | X8: 41 | Y8: 46 | Z8: 44 | AA8: 46 | AB8: 46 | AC8: 47 | AD8: 47 | AE8: 49 | AF8: 65 | AG8: 70 | AH8: 88 | AI8: 97 | AJ8: 87 | AK8: 106 | AL8: 207593584 | AM8: 208713840 | AN8: 420518688 | AO8: 596326976 | AP8: 467637760 | AQ8: 594142720 | AR8: 497052320 | AS8: 584335232 | AT8: 223580400 | AU8: 230065840 | AW8: 226611184 | AX8: 221647296 | AZ8: 326966400 | BA8: 367050080 | BC8: 315216608 | BD8: 315204544
A9: 16788 | B9: RL1_ECO24 | C9: rplA | D9: RL1_ECO24; RL1_ECO27; RL1_ECO45; RL1_ECO55; RL1_ECO57; RL1_ECO5E; RL1_ECO7I; RL1_ECO81; RL1_ECO8A; RL1_ECOBW; RL1_ECODH; RL1_ECOHS; RL1_ECOL5; RL1_ECOL6; RL1_ECOLC; RL1_ECOLI; RL1_ECOLU; RL1_ECOSE; RL1_ECOSM; RL1_ECOUT | F9: sp|A7ZUJ7|RL1_ECO24 50S ribosomal protein L1 OS=Escherichia coli O139:H28 (strain E24377A / ETEC) OX=331111 GN=rplA PE=3 SV=1 | G9: 1675.183 | H9: true | I9: 2 | J9: 20 | K9: 0 | L9: 84.19 | M9: 24729 | N9: 15 | O9: 26 | P9: 26 | Q9: 31 | R9: 31 | S9: 6701 | T9: 6701 | U9: 31 | V9: 26 | W9: 26 | X9: 27 | Y9: 31 | Z9: 29 | AA9: 30 | AB9: 29 | AC9: 30 | AD9: 606 | AE9: 694 | AF9: 902 | AG9: 965 | AH9: 970 | AI9: 945 | AJ9: 861 | AK9: 758 | AL9: 7322373632 | AM9: 7181896192 | AN9: 10766523392 | AO9: 12166329344 | AP9: 7214319616 | AQ9: 7423108096 | AR9: 7313180160 | AS9: 6373597696 | AT9: 6671104512 | AU9: 6961717248 | AW9: 5638069248 | AX9: 5438311936 | AZ9: 5638650880 | BA9: 5492911616 | BC9: 4987500544 | BD9: 4077285888
A10: 16766 | B10: IF2_ECO24 | C10: infB | D10: IF2_ECO24; IF2_ECO55; IF2_ECO57; IF2_ECO5E; IF2_ECO7I; IF2_ECO8A; IF2_ECOBW; IF2_ECODH; IF2_ECOHS; IF2_ECOLC; IF2_ECOLI; IF2_ECOLU; IF2_ECOSE | E10: IF2_ECO27; IF2_ECO45; IF2_ECO81; IF2_ECOK1; IF2_ECOL5; IF2_ECOL6; IF2_ECOSM; IF2_ECOUT | F10: sp|A7ZS65|IF2_ECO24 Translation initiation factor IF-2 OS=Escherichia coli O139:H28 (strain E24377A / ETEC) OX=331111 GN=infB PE=3 SV=1 | G10: 1619.625 | H10: true | I10: 2 | J10: 13 | K10: 8 | L10: 55.17 | M10: 97348 | N10: 59 | O10: 41 | P10: 41 | Q10: 41 | R10: 41 | S10: 652 | T10: 652 | U10: 41 | V10: 34 | W10: 33 | X10: 38 | Y10: 37 | Z10: 39 | AA10: 40 | AB10: 38 | AC10: 37 | AD10: 133 | AE10: 121 | AF10: 86 | AG10: 78 | AH10: 74 | AI10: 63 | AJ10: 48 | AK10: 48 | AL10: 581290432 | AM10: 516910976 | AN10: 531270656 | AO10: 592395008 | AP10: 297187072 | AQ10: 333520288 | AR10: 287584064 | AS10: 292437632 | AT10: 548881408 | AU10: 545138496 | AW10: 294084576 | AX10: 271499200 | AZ10: 230618848 | BA10: 211535152 | BC10: 205311712 | BD10: 192700416
A11: 16799 | B11: FTSZ_ECO57 | C11: ftsZ | D11: FTSZ_ECO57; FTSZ_ECOL6; FTSZ_ECOLI | F11: sp|P0A9A8|FTSZ_ECO57 Cell division protein FtsZ OS=Escherichia coli O157:H7 OX=83334 GN=ftsZ PE=3 SV=1 | G11: 1453.809 | H11: true | I11: 2 | J11: 3 | K11: 0 | L11: 85.64 | M11: 40323 | N11: 24 | O11: 25 | P11: 25 | Q11: 26 | R11: 26 | S11: 1197 | T11: 1197 | U11: 26 | V11: 23 | W11: 23 | X11: 26 | Y11: 26 | Z11: 26 | AA11: 24 | AB11: 24 | AC11: 25 | AD11: 132 | AE11: 158 | AF11: 220 | AG11: 190 | AH11: 68 | AI11: 70 | AJ11: 185 | AK11: 174 | AL11: 544774144 | AM11: 591065472 | AN11: 1467126272 | AO11: 2038535040 | AP11: 387915936 | AQ11: 436069088 | AR11: 965568960 | AS11: 1174204672 | AT11: 444778304 | AU11: 619225152 | AW11: 809379392 | AX11: 847743040 | AZ11: 299623520 | BA11: 295364704 | BC11: 640100608 | BD11: 617986368
A12: 16662 | B12: EFTS_ECO24 | C12: tsf | D12: EFTS_ECO24; EFTS_ECO27; EFTS_ECO45; EFTS_ECO55; EFTS_ECO57; EFTS_ECO5E; EFTS_ECO7I; EFTS_ECO81; EFTS_ECO8A; EFTS_ECOBW; EFTS_ECODH; EFTS_ECOHS; EFTS_ECOL5; EFTS_ECOL6; EFTS_ECOLC; EFTS_ECOLI; EFTS_ECOLU; EFTS_ECOSE; EFTS_ECOSM; EFTS_ECOUT | F12: sp|A7ZHR0|EFTS_ECO24 Elongation factor Ts OS=Escherichia coli O139:H28 (strain E24377A / ETEC) OX=331111 GN=tsf PE=3 SV=1 | G12: 1408.429 | H12: true | I12: 2 | J12: 20 | K12: 0 | L12: 79.51 | M12: 30422 | N12: 22 | O12: 29 | P12: 29 | Q12: 32 | R12: 32 | S12: 2188 | T12: 2188 | U12: 32 | V12: 19 | W12: 21 | X12: 25 | Y12: 30 | Z12: 31 | AA12: 32 | AB12: 32 | AC12: 30 | AD12: 113 | AE12: 123 | AF12: 307 | AG12: 320 | AH12: 300 | AI12: 301 | AJ12: 352 | AK12: 372 | AL12: 1642401664 | AM12: 1692480896 | AN12: 4594163712 | AO12: 6371596288 | AP12: 3258672128 | AQ12: 3650570496 | AR12: 2917267712 | AS12: 3569909504 | AT12: 732026432 | AU12: 996123264 | AW12: 1849008384 | AX12: 2474083328 | AZ12: 2178059008 | BA12: 2500052480 | BC12: 2241334528 | BD12: 2165370624
A13: 16737 | B13: RS5_ECO24 | C13: rpsE | D13: RS5_ECO24; RS5_ECO57; RS5_ECOHS; RS5_ECOK1; RS5_ECOL5; RS5_ECOL6; RS5_ECOLC; RS5_ECOLI; RS5_ECOUT | F13: sp|A7ZSJ2|RS5_ECO24 30S ribosomal protein S5 OS=Escherichia coli O139:H28 (strain E24377A / ETEC) OX=331111 GN=rpsE PE=3 SV=1 | G13: 1252.137 | H13: true | I13: 2 | J13: 9 | K13: 0 | L13: 89.22 | M13: 17603 | N13: 13 | O13: 18 | P13: 18 | Q13: 23 | R13: 23 | S13: 4797 | T13: 4797 | U13: 23 | V13: 19 | W13: 18 | X13: 22 | Y13: 22 | Z13: 21 | AA13: 22 | AB13: 22 | AC13: 21 | AD13: 523 | AE13: 549 | AF13: 644 | AG13: 561 | AH13: 621 | AI13: 642 | AJ13: 656 | AK13: 601 | AL13: 7071316992 | AM13: 6641914368 | AN13: 8185460224 | AO13: 9775966208 | AP13: 6440173056 | AQ13: 6412802048 | AR13: 6046216704 | AS13: 5565711360 | AT13: 6280121344 | AU13: 6161567744 | AW13: 5487814656 | AX13: 5186496000 | AZ13: 5156470272 | BA13: 4752842752 | BC13: 4428551168 | BD13: 3464333824
A14: 16742 | B14: RS3_ECO24 | C14: rpsC | D14: RS3_ECO24; RS3_ECO27; RS3_ECO45; RS3_ECO55; RS3_ECO57; RS3_ECO5E; RS3_ECO7I; RS3_ECO81; RS3_ECO8A; RS3_ECOBW; RS3_ECOHS; RS3_ECOK1; RS3_ECOL5; RS3_ECOL6; RS3_ECOLC; RS3_ECOLI; RS3_ECOLU; RS3_ECOSE; RS3_ECOSM; RS3_ECOUT | F14: sp|A7ZSK3|RS3_ECO24 30S ribosomal protein S3 OS=Escherichia coli O139:H28 (strain E24377A / ETEC) OX=331111 GN=rpsC PE=3 SV=1 | G14: 1217.084 | H14: true | I14: 2 | J14: 20 | K14: 0 | L14: 88.84 | M14: 25982 | N14: 16 | O14: 34 | P14: 34 | Q14: 35 | R14: 35 | S14: 3561 | T14: 3561 | U14: 35 | V14: 21 | W14: 20 | X14: 31 | Y14: 34 | Z14: 31 | AA14: 32 | AB14: 34 | AC14: 31 | AD14: 404 | AE14: 373 | AF14: 536 | AG14: 483 | AH14: 490 | AI14: 462 | AJ14: 466 | AK14: 347 | AL14: 5245452800 | AM14: 4679107072 | AN14: 6963904512 | AO14: 8632132608 | AP14: 5210189824 | AQ14: 5380754432 | AR14: 5292330496 | AS14: 4930893312 | AT14: 3480246784 | AU14: 2969474560 | AW14: 4303929856 | AX14: 4888607744 | AZ14: 4095766784 | BA14: 3790770176 | BC14: 4220770560 | BD14: 3097070336
A15: 16671 | B15: SYL_ECOBW | C15: leuS | D15: SYL_ECOBW; SYL_ECOLI | E15: SYL_ECO24; SYL_ECO27; SYL_ECO45; SYL_ECO55; SYL_ECO57; SYL_ECO5E; SYL_ECO7I; SYL_ECO81; SYL_ECO8A; SYL_ECOHS; SYL_ECOK1; SYL_ECOL5; SYL_ECOL6; SYL_ECOLC; SYL_ECOLU; SYL_ECOSE; SYL_ECOSM; SYL_ECOUT | F15: sp|C4ZWC9|SYL_ECOBW Leucine--tRNA ligase OS=Escherichia coli (strain K12 / MC4100 / BW2952) OX=595496 GN=leuS PE=3 SV=1 | G15: 1202.302 | H15: true | I15: 2 | J15: 2 | K15: 18 | L15: 48.37 | M15: 97232 | N15: 52 | O15: 34 | P15: 34 | Q15: 34 | R15: 34 | S15: 254 | T15: 254 | U15: 34 | V15: 26 | W15: 26 | X15: 31 | Y15: 33 | Z15: 33 | AA15: 33 | AB15: 33 | AC15: 33 | AD15: 27 | AE15: 25 | AF15: 24 | AG15: 29 | AH15: 33 | AI15: 42 | AJ15: 36 | AK15: 38 | AL15: 109123688 | AM15: 89564744 | AN15: 153752624 | AO15: 230466688 | AP15: 194136800 | AQ15: 237017424 | AR15: 176371696 | AS15: 243219632 | AT15: 95918464 | AU15: 95487064 | AW15: 80871112 | AX15: 85934120 | AZ15: 135479568 | BA15: 147728016 | BC15: 101923416 | BD15: 132912184
A16: 16872 | B16: PSS_ECOLI | C16: pssA | D16: PSS_ECOLI | F16: sp|P23830|PSS_ECOLI CDP-diacylglycerol--serine O-phosphatidyltransferase OS=Escherichia coli (strain K12) OX=83333 GN=pssA PE=1 SV=2 | G16: 1173.167 | H16: true | I16: 2 | J16: 1 | K16: 0 | L16: 63.41 | M16: 52801 | N16: 29 | O16: 25 | P16: 25 | Q16: 26 | R16: 26 | S16: 1362 | T16: 1362 | U16: 26 | V16: 21 | W16: 21 | X16: 23 | Y16: 26 | Z16: 25 | AA16: 22 | AB16: 26 | AC16: 26 | AD16: 141 | AE16: 183 | AF16: 236 | AG16: 170 | AH16: 109 | AI16: 102 | AJ16: 197 | AK16: 224 | AL16: 838305728 | AM16: 837583744 | AN16: 1681263232 | AO16: 2051321088 | AP16: 522160192 | AQ16: 554441728 | AR16: 1360577152 | AS16: 1502067456 | AT16: 764708160 | AU16: 842193728 | AW16: 885238464 | AX16: 875286592 | AZ16: 359320576 | BA16: 345878272 | BC16: 790283648 | BD16: 802509760
A17: 16779 | B17: SYP_ECOBW | C17: proS | D17: SYP_ECOBW; SYP_ECODH; SYP_ECOLI | E17: SYP_ECO24; SYP_ECO27; SYP_ECO45; SYP_ECO55; SYP_ECO57; SYP_ECO5E; SYP_ECO7I; SYP_ECO81; SYP_ECO8A; SYP_ECOHS; SYP_ECOK1; SYP_ECOL5; SYP_ECOL6; SYP_ECOLC; SYP_ECOLU; SYP_ECOSE; SYP_ECOSM; SYP_ECOUT | F17: sp|C4ZRT7|SYP_ECOBW Proline--tRNA ligase OS=Escherichia coli (strain K12 / MC4100 / BW2952) OX=595496 GN=proS PE=3 SV=1 | G17: 1142.589 | H17: true | I17: 2 | J17: 3 | K17: 18 | L17: 60.84 | M17: 63691 | N17: 33 | O17: 26 | P17: 26 | Q17: 26 | R17: 26 | S17: 245 | T17: 245 | U17: 26 | V17: 20 | W17: 20 | X17: 22 | Y17: 26 | Z17: 26 | AA17: 26 | AB17: 26 | AC17: 25 | AD17: 24 | AE17: 21 | AF17: 19 | AG17: 25 | AH17: 39 | AI17: 40 | AJ17: 36 | AK17: 40 | AL17: 101240480 | AM17: 98601432 | AN17: 171332816 | AO17: 230267088 | AP17: 222598512 | AQ17: 262031712 | AR17: 210467728 | AS17: 262177824 | AT17: 104659480 | AU17: 100922568 | AW17: 85363408 | AX17: 85854120 | AZ17: 152305568 | BA17: 162252400 | BC17: 121819408 | BD17: 146981344
A18: 16801 | B18: SYV_ECO57 | C18: valS | D18: SYV_ECO57; SYV_ECOLI | E18: SYV_ECOL6 | F18: sp|Q8XCB3|SYV_ECO57 Valine--tRNA ligase OS=Escherichia coli O157:H7 OX=83334 GN=valS PE=3 SV=1 | G18: 1091.88 | H18: true | I18: 2 | J18: 2 | K18: 1 | L18: 37.43 | M18: 108177 | N18: 64 | O18: 31 | P18: 31 | Q18: 31 | R18: 31 | S18: 276 | T18: 276 | U18: 31 | V18: 24 | W18: 23 | X18: 28 | Y18: 31 | Z18: 28 | AA18: 31 | AB18: 30 | AC18: 31 | AD18: 26 | AE18: 18 | AF18: 31 | AG18: 41 | AH18: 39 | AI18: 43 | AJ18: 35 | AK18: 43 | AL18: 156814736 | AM18: 153096832 | AN18: 237295184 | AO18: 331544288 | AP18: 257720736 | AQ18: 317166336 | AR18: 255095568 | AS18: 312434016 | AT18: 159970832 | AU18: 163451408 | AW18: 113508192 | AX18: 124947224 | AZ18: 164180672 | BA18: 187702000 | BC18: 143508816 | BD18: 161858832
A19: 16676 | B19: MIND_ECO57 | C19: minD | D19: MIND_ECO57; MIND_ECOL6; MIND_ECOLI | F19: sp|P0AEZ5|MIND_ECO57 Septum site-determining protein MinD OS=Escherichia coli O157:H7 OX=83334 GN=minD PE=3 SV=2 | G19: 1057.362 | H19: true | I19: 2 | J19: 3 | K19: 0 | L19: 62.96 | M19: 29613 | N19: 16 | O19: 20 | P19: 20 | Q19: 22 | R19: 22 | S19: 4057 | T19: 4057 | U19: 22 | V19: 19 | W19: 21 | X19: 20 | Y19: 21 | Z19: 21 | AA19: 21 | AB19: 22 | AC19: 22 | AD19: 450 | AE19: 460 | AF19: 450 | AG19: 421 | AH19: 376 | AI19: 387 | AJ19: 754 | AK19: 759 | AL19: 6125257216 | AM19: 5309486080 | AN19: 5856991232 | AO19: 5914333696 | AP19: 3023700992 | AQ19: 3240923904 | AR19: 7933167616 | AS19: 8054853120 | AT19: 5361149440 | AU19: 5321134080 | AW19: 2874567168 | AX19: 2178234368 | AZ19: 1930479232 | BA19: 1867681536 | BC19: 5432747008 | BD19: 5265046016
A20: 16669 | B20: RL7_ECO24 | C20: rplL | D20: RL7_ECO24; RL7_ECO27; RL7_ECO45; RL7_ECO55; RL7_ECO57; RL7_ECO5E; RL7_ECO7I; RL7_ECO8A; RL7_ECOBW; RL7_ECODH; RL7_ECOHS; RL7_ECOL5; RL7_ECOL6; RL7_ECOLC; RL7_ECOLI; RL7_ECOLU; RL7_ECOSE; RL7_ECOSM; RL7_ECOUT | E20: RL7_ECO81 | F20: sp|A7ZUK0|RL7_ECO24 50S ribosomal protein L7/L12 OS=Escherichia coli O139:H28 (strain E24377A / ETEC) OX=331111 GN=rplL PE=3 SV=1 | G20: 1027.765 | H20: true | I20: 2 | J20: 19 | K20: 1 | L20: 87.6 | M20: 12295 | N20: 8 | O20: 14 | P20: 14 | Q20: 18 | R20: 18 | S20: 5597 | T20: 5597 | U20: 18 | V20: 13 | W20: 13 | X20: 17 | Y20: 16 | Z20: 17 | AA20: 17 | AB20: 18 | AC20: 18 | AD20: 512 | AE20: 649 | AF20: 794 | AG20: 737 | AH20: 739 | AI20: 747 | AJ20: 759 | AK20: 660 | AL20: 5575203328 | AM20: 5414010368 | AN20: 7386821120 | AO20: 8355008000 | AP20: 5672336384 | AQ20: 5816019968 | AR20: 5833744896 | AS20: 4962781696 | AT20: 1867452032 | AU20: 2663020800 | AW20: 4525495296 | AX20: 4177560576 | AZ20: 6347730432 | BA20: 4584872448 | BC20: 5313876480 | BD20: 3311430144
A21: 16678 | B21: RS2_ECO27 | C21: rpsB | D21: RS2_ECO27; RS2_ECO45; RS2_ECO57; RS2_ECO5E; RS2_ECO7I; RS2_ECO81; RS2_ECOBW; RS2_ECODH; RS2_ECOK1; RS2_ECOL5; RS2_ECOL6; RS2_ECOLC; RS2_ECOLI; RS2_ECOLU; RS2_ECOSM; RS2_ECOUT | E21: RS2_ECO24; RS2_ECO55; RS2_ECO8A; RS2_ECOHS; RS2_ECOSE | F21: sp|B7UIL4|RS2_ECO27 30S ribosomal protein S2 OS=Escherichia coli O127:H6 (strain E2348/69 / EPEC) OX=574521 GN=rpsB PE=3 SV=1 | G21: 1023.016 | H21: true | I21: 2 | J21: 16 | K21: 5 | L21: 80.08 | M21: 26743 | N21: 14 | O21: 22 | P21: 22 | Q21: 26 | R21: 26 | S21: 5426 | T21: 5426 | U21: 26 | V21: 20 | W21: 21 | X21: 24 | Y21: 25 | Z21: 24 | AA21: 25 | AB21: 26 | AC21: 25 | AD21: 589 | AE21: 595 | AF21: 719 | AG21: 688 | AH21: 756 | AI21: 730 | AJ21: 701 | AK21: 648 | AL21: 4586444288 | AM21: 3979266560 | AN21: 6100925952 | AO21: 7539854848 | AP21: 4474926592 | AQ21: 4432740352 | AR21: 4074432768 | AS21: 3596506112 | AT21: 3584189696 | AU21: 3338498304 | AW21: 3536885760 | AX21: 3542478336 | AZ21: 3013306112 | BA21: 2943471872 | BC21: 2841422080 | BD21: 2072940672
A22: 16855 | B22: ODP1_ECO57 | C22: aceE | D22: ODP1_ECO57; ODP1_ECOLI | F22: sp|P0AFG9|ODP1_ECO57 Pyruvate dehydrogenase E1 component OS=Escherichia coli O157:H7 OX=83334 GN=aceE PE=1 SV=2 | G22: 1010.318 | H22: true | I22: 2 | J22: 2 | K22: 0 | L22: 45.21 | M22: 99667 | N22: 55 | O22: 33 | P22: 33 | Q22: 33 | R22: 33 | S22: 206 | T22: 206 | U22: 33 | V22: 26 | W22: 23 | X22: 32 | Y22: 33 | Z22: 33 | AA22: 31 | AB22: 32 | AC22: 32 | AD22: 18 | AE22: 11 | AF22: 35 | AG22: 32 | AH22: 29 | AI22: 28 | AJ22: 24 | AK22: 29 | AL22: 75328600 | AM22: 57794212 | AN22: 254824096 | AO22: 306221056 | AP22: 143047744 | AQ22: 147530512 | AR22: 136003472 | AS22: 147875792 | AT22: 76201464 | AU22: 58752148 | AW22: 128482800 | AX22: 108234560 | AZ22: 90895928 | BA22: 87472816 | BC22: 75445088 | BD22: 73674112
A23: 16834 | B23: TERM_BPPH2 | C23: TERM | D23: TERM_BPPH2 | F23: sp|P03681|TERM_BPPH2 Primer terminal protein OS=Bacillus phage phi29 OX=2884424 GN=3 PE=1 SV=1 | G23: 989.626 | H23: true | I23: 2 | J23: 1 | K23: 0 | L23: 72.56 | M23: 31048 | N23: 16 | O23: 20 | P23: 20 | Q23: 20 | R23: 20 | S23: 1059 | T23: 1059 | U23: 20 | V23: 16 | W23: 16 | X23: 19 | Y23: 20 | Z23: 18 | AA23: 19 | AB23: 20 | AC23: 20 | AD23: 121 | AE23: 117 | AF23: 195 | AG23: 133 | AH23: 82 | AI23: 74 | AJ23: 154 | AK23: 183 | AL23: 690151168 | AM23: 571848384 | AN23: 1476163584 | AO23: 1554743552 | AP23: 345881856 | AQ23: 369629120 | AR23: 1031865280 | AS23: 1257675520 | AT23: 505644512 | AU23: 426261984 | AW23: 711247872 | AX23: 695637120 | AZ23: 250216752 | BA23: 256954240 | BC23: 713439168 | BD23: 780376960
A24: 16677 | B24: RF3_ECO24 | C24: prfC | D24: RF3_ECO24; RF3_ECO27; RF3_ECO55; RF3_ECO57; RF3_ECO5E; RF3_ECO81; RF3_ECOBW; RF3_ECODH; RF3_ECOHS; RF3_ECOK1; RF3_ECOL6; RF3_ECOLC; RF3_ECOLI; RF3_ECOLU; RF3_ECOSE; RF3_ECOSM; RF3_ECOUT | E24: RF3_ECO8A | F24: sp|A7ZVR5|RF3_ECO24 Peptide chain release factor 3 OS=Escherichia coli O139:H28 (strain E24377A / ETEC) OX=331111 GN=prfC PE=3 SV=1 | G24: 988.246 | H24: true | I24: 2 | J24: 17 | K24: 1 | L24: 44.23 | M24: 59589 | N24: 28 | O24: 22 | P24: 22 | Q24: 22 | R24: 22 | S24: 408 | T24: 408 | U24: 22 | V24: 16 | W24: 16 | X24: 20 | Y24: 22 | Z24: 20 | AA24: 21 | AB24: 21 | AC24: 21 | AD24: 24 | AE24: 29 | AF24: 59 | AG24: 84 | AH24: 68 | AI24: 60 | AJ24: 37 | AK24: 47 | AL24: 119175520 | AM24: 90142552 | AN24: 429323392 | AO24: 579661824 | AP24: 233436576 | AQ24: 268165440 | AR24: 211990432 | AS24: 254826256 | AT24: 124415016 | AU24: 98738352 | AW24: 242593008 | AX24: 275027456 | AZ24: 224534000 | BA24: 235998368 | BC24: 167764048 | BD24: 190418848
A25: 16655 | B25: RS7_ECOBW | C25: rpsG | D25: RS7_ECOBW; RS7_ECODH; RS7_ECOLI | E25: RS7_ECO24; RS7_ECO27; RS7_ECO45; RS7_ECO55; RS7_ECO57; RS7_ECO5E; RS7_ECO7I; RS7_ECO81; RS7_ECO8A; RS7_ECOHS; RS7_ECOK1; RS7_ECOL5; RS7_ECOL6; RS7_ECOLC; RS7_ECOLU; RS7_ECOSE; RS7_ECOSM; RS7_ECOUT | F25: sp|C4ZUJ6|RS7_ECOBW 30S ribosomal protein S7 OS=Escherichia coli (strain K12 / MC4100 / BW2952) OX=595496 GN=rpsG PE=3 SV=1 | G25: 963.729 | H25: true | I25: 2 | J25: 3 | K25: 18 | L25: 83.24 | M25: 20018 | N25: 14 | O25: 24 | P25: 24 | Q25: 26 | R25: 26 | S25: 4721 | T25: 4721 | U25: 26 | V25: 19 | W25: 22 | X25: 24 | Y25: 26 | Z25: 25 | AA25: 24 | AB25: 26 | AC25: 24 | AD25: 486 | AE25: 503 | AF25: 595 | AG25: 667 | AH25: 667 | AI25: 616 | AJ25: 612 | AK25: 575 | AL25: 5470430720 | AM25: 5260189696 | AN25: 6626149376 | AO25: 8417418240 | AP25: 5165466624 | AQ25: 5470114816 | AR25: 5073891840 | AS25: 5231333376 | AT25: 4026620160 | AU25: 3849208064 | AW25: 3760369152 | AX25: 4424702976 | AZ25: 4026620160 | BA25: 3735573760 | BC25: 3784062976 | BD25: 3198250240
A26: 16778 | B26: RL2_ECO24 | C26: rplB | D26: RL2_ECO24; RL2_ECO27; RL2_ECO45; RL2_ECO55; RL2_ECO57; RL2_ECO5E; RL2_ECO7I; RL2_ECO81; RL2_ECO8A; RL2_ECOBW; RL2_ECODH; RL2_ECOHS; RL2_ECOK1; RL2_ECOL5; RL2_ECOL6; RL2_ECOLC; RL2_ECOLI; RL2_ECOLU; RL2_ECOSE; RL2_ECOSM; RL2_ECOUT | F26: sp|A7ZSK6|RL2_ECO24 50S ribosomal protein L2 OS=Escherichia coli O139:H28 (strain E24377A / ETEC) OX=331111 GN=rplB PE=3 SV=1 | G26: 949.521 | H26: true | I26: 2 | J26: 21 | K26: 0 | L26: 75.82 | M26: 29860 | N26: 18 | O26: 26 | P26: 26 | Q26: 27 | R26: 27 | S26: 1600 | T26: 1600 | U26: 27 | V26: 20 | W26: 21 | X26: 21 | Y26: 25 | Z26: 23 | AA26: 22 | AB26: 25 | AC26: 26 | AD26: 252 | AE26: 271 | AF26: 171 | AG26: 189 | AH26: 193 | AI26: 202 | AJ26: 166 | AK26: 156 | AL26: 1225583744 | AM26: 1618680704 | AN26: 1366115072 | AO26: 2040406656 | AP26: 918845248 | AQ26: 1290439808 | AR26: 1267096576 | AS26: 998277312 | AT26: 1290060416 | AU26: 1734891776 | AW26: 663920384 | AX26: 960637376 | AZ26: 734403968 | BA26: 884093376 | BC26: 889290368 | BD26: 661069952
A27: 16757 | B27: RL5_ECO24 | C27: rplE | D27: RL5_ECO24; RL5_ECO27; RL5_ECO45; RL5_ECO55; RL5_ECO57; RL5_ECO5E; RL5_ECO7I; RL5_ECO81; RL5_ECO8A; RL5_ECOBW; RL5_ECODH; RL5_ECOHS; RL5_ECOK1; RL5_ECOL5; RL5_ECOL6; RL5_ECOLC; RL5_ECOLI; RL5_ECOLU; RL5_ECOSE; RL5_ECOSM; RL5_ECOUT | F27: sp|A7ZSJ7|RL5_ECO24 50S ribosomal protein L5 OS=Escherichia coli O139:H28 (strain E24377A / ETEC) OX=331111 GN=rplE PE=3 SV=1 | G27: 947.812 | H27: true | I27: 2 | J27: 21 | K27: 0 | L27: 87.15 | M27: 20301 | N27: 13 | O27: 21 | P27: 21 | Q27: 22 | R27: 22 | S27: 1113 | T27: 1113 | U27: 22 | V27: 17 | W27: 17 | X27: 17 | Y27: 22 | Z27: 21 | AA27: 20 | AB27: 21 | AC27: 20 | AD27: 236 | AE27: 252 | AF27: 76 | AG27: 112 | AH27: 116 | AI27: 127 | AJ27: 105 | AK27: 89 | AL27: 1191142528 | AM27: 1033377536 | AN27: 832164864 | AO27: 1331694976 | AP27: 919053440 | AQ27: 1114256768 | AR27: 1035159232 | AS27: 881934016 | AT27: 966216192 | AU27: 1021637248 | AW27: 489213568 | AX27: 622743104 | AZ27: 719437312 | BA27: 767552064 | BC27: 700527616 | BD27: 538257984
A28: 16750 | B28: RS4_ECO24 | C28: rpsD | D28: RS4_ECO24; RS4_ECO27; RS4_ECO45; RS4_ECO55; RS4_ECO57; RS4_ECO5E; RS4_ECO7I; RS4_ECO81; RS4_ECO8A; RS4_ECOBW; RS4_ECODH; RS4_ECOHS; RS4_ECOK1; RS4_ECOL5; RS4_ECOL6; RS4_ECOLC; RS4_ECOLI; RS4_ECOLU; RS4_ECOSE; RS4_ECOSM; RS4_ECOUT | F28: sp|A7ZSI5|RS4_ECO24 30S ribosomal protein S4 OS=Escherichia coli O139:H28 (strain E24377A / ETEC) OX=331111 GN=rpsD PE=3 SV=1 | G28: 908.494 | H28: true | I28: 2 | J28: 21 | K28: 0 | L28: 80.58 | M28: 23468 | N28: 14 | O28: 22 | P28: 22 | Q28: 24 | R28: 24 | S28: 3694 | T28: 3694 | U28: 24 | V28: 17 | W28: 17 | X28: 24 | Y28: 24 | Z28: 24 | AA28: 24 | AB28: 23 | AC28: 22 | AD28: 455 | AE28: 490 | AF28: 466 | AG28: 468 | AH28: 473 | AI28: 468 | AJ28: 383 | AK28: 491 | AL28: 8129657856 | AM28: 7942187520 | AN28: 7326640640 | AO28: 9000622080 | AP28: 4889567744 | AQ28: 4931318784 | AR28: 4019471360 | AS28: 5554583552 | AT28: 8084281344 | AU28: 7500784128 | AW28: 3716151296 | AX28: 4107075072 | AZ28: 3662341120 | BA28: 3166458112 | BC28: 2509748736 | BD28: 2923160064
A29: 16734 | B29: SYM_ECO24 | C29: metG | D29: SYM_ECO24; SYM_ECO55; SYM_ECO7I; SYM_ECO81; SYM_ECO8A; SYM_ECOBW; SYM_ECODH; SYM_ECOL5; SYM_ECOLI; SYM_ECOSE; SYM_ECOSM | E29: SYM_ECO27; SYM_ECO45; SYM_ECO57; SYM_ECO5E; SYM_ECOHS; SYM_ECOK1; SYM_ECOL6; SYM_ECOLC; SYM_ECOLU; SYM_ECOUT | F29: sp|A7ZNT3|SYM_ECO24 Methionine--tRNA ligase OS=Escherichia coli O139:H28 (strain E24377A / ETEC) OX=331111 GN=metG PE=3 SV=1 | G29: 898.193 | H29: true | I29: 2 | J29: 11 | K29: 10 | L29: 43.87 | M29: 76239 | N29: 41 | O29: 25 | P29: 25 | Q29: 25 | R29: 25 | S29: 173 | T29: 173 | U29: 25 | V29: 18 | W29: 18 | X29: 22 | Y29: 24 | Z29: 24 | AA29: 24 | AB29: 24 | AC29: 24 | AD29: 14 | AE29: 13 | AF29: 14 | AG29: 21 | AH29: 28 | AI29: 29 | AJ29: 26 | AK29: 28 | AL29: 86954968 | AM29: 65090004 | AN29: 119472984 | AO29: 177192640 | AP29: 158512992 | AQ29: 201945104 | AR29: 150822896 | AS29: 195734496 | AT29: 96694328 | AU29: 81769120 | AW29: 64925888 | AX29: 65452608 | AZ29: 101273544 | BA29: 119423672 | BC29: 88231032 | BD29: 99981312
A30: 16684 | B30: SYC_ECOBW | C30: cysS | D30: SYC_ECOBW; SYC_ECODH; SYC_ECOLI | E30: SYC_ECO24; SYC_ECO27; SYC_ECO45; SYC_ECO55; SYC_ECO57; SYC_ECO5E; SYC_ECO7I; SYC_ECO81; SYC_ECO8A; SYC_ECOHS; SYC_ECOK1; SYC_ECOL5; SYC_ECOL6; SYC_ECOLC; SYC_ECOLU; SYC_ECOSE; SYC_ECOSM; SYC_ECOUT | F30: sp|C4ZUX4|SYC_ECOBW Cysteine--tRNA ligase OS=Escherichia coli (strain K12 / MC4100 / BW2952) OX=595496 GN=cysS PE=3 SV=1 | G30: 871.639 | H30: true | I30: 2 | J30: 3 | K30: 18 | L30: 55.75 | M30: 52201 | N30: 25 | O30: 21 | P30: 21 | Q30: 21 | R30: 21 | S30: 264 | T30: 264 | U30: 21 | V30: 16 | W30: 17 | X30: 19 | Y30: 20 | Z30: 20 | AA30: 21 | AB30: 20 | AC30: 21 | AD30: 27 | AE30: 25 | AF30: 25 | AG30: 28 | AH30: 37 | AI30: 42 | AJ30: 40 | AK30: 40 | AL30: 122426048 | AM30: 118409304 | AN30: 210657648 | AO30: 286984320 | AP30: 221586944 | AQ30: 267526416 | AR30: 239209984 | AS30: 264647424 | AT30: 131149536 | AU30: 119454624 | AW30: 106470216 | AX30: 98273496 | AZ30: 150098368 | BA30: 170119440 | BC30: 142651472 | BD30: 138664992
A31: 16794 | B31: RRF_ECO24 | C31: frr | D31: RRF_ECO24; RRF_ECO27; RRF_ECO45; RRF_ECO55; RRF_ECO57; RRF_ECO5E; RRF_ECO7I; RRF_ECO81; RRF_ECO8A; RRF_ECOBW; RRF_ECODH; RRF_ECOHS; RRF_ECOL5; RRF_ECOL6; RRF_ECOLC; RRF_ECOLI; RRF_ECOLU; RRF_ECOSE; RRF_ECOSM; RRF_ECOUT | F31: sp|A7ZHR2|RRF_ECO24 Ribosome-recycling factor OS=Escherichia coli O139:H28 (strain E24377A / ETEC) OX=331111 GN=frr PE=3 SV=1 | G31: 869.397 | H31: true | I31: 2 | J31: 20 | K31: 0 | L31: 65.41 | M31: 20638 | N31: 14 | O31: 18 | P31: 18 | Q31: 22 | R31: 22 | S31: 2308 | T31: 2308 | U31: 22 | V31: 20 | W31: 20 | X31: 21 | Y31: 22 | Z31: 21 | AA31: 22 | AB31: 21 | AC31: 21 | AD31: 204 | AE31: 188 | AF31: 353 | AG31: 328 | AH31: 311 | AI31: 337 | AJ31: 287 | AK31: 300 | AL31: 1703096960 | AM31: 1500184320 | AN31: 5738438144 | AO31: 6905111040 | AP31: 3309444608 | AQ31: 3634151680 | AR31: 3136047360 | AS31: 3305489920 | AT31: 1476009216 | AU31: 1301302784 | AW31: 2981579008 | AX31: 2507820800 | AZ31: 2302728960 | BA31: 2246641408 | BC31: 1875733376 | BD31: 1707115776
A32: 16710 | B32: RL3_ECO24 | C32: rplC | D32: RL3_ECO24; RL3_ECO27; RL3_ECO45; RL3_ECO55; RL3_ECO57; RL3_ECO5E; RL3_ECO7I; RL3_ECO81; RL3_ECO8A; RL3_ECOBW; RL3_ECODH; RL3_ECOHS; RL3_ECOK1; RL3_ECOL5; RL3_ECOL6; RL3_ECOLC; RL3_ECOLI; RL3_ECOLU; RL3_ECOSE; RL3_ECOSM; RL3_ECOUT | F32: sp|A7ZSK9|RL3_ECO24 50S ribosomal protein L3 OS=Escherichia coli O139:H28 (strain E24377A / ETEC) OX=331111 GN=rplC PE=3 SV=1 | G32: 868.697 | H32: true | I32: 2 | J32: 21 | K32: 0 | L32: 75.6 | M32: 22243 | N32: 16 | O32: 23 | P32: 23 | Q32: 24 | R32: 24 | S32: 1007 | T32: 1007 | U32: 24 | V32: 21 | W32: 18 | X32: 21 | Y32: 24 | Z32: 23 | AA32: 22 | AB32: 21 | AC32: 22 | AD32: 186 | AE32: 209 | AF32: 88 | AG32: 95 | AH32: 117 | AI32: 114 | AJ32: 109 | AK32: 89 | AL32: 900094336 | AM32: 936051840 | AN32: 630087040 | AO32: 915666880 | AP32: 650995968 | AQ32: 560314176 | AR32: 518146528 | AS32: 599881152 | AT32: 889682368 | AU32: 890345984 | AW32: 463822208 | AX32: 478901472 | AZ32: 576887488 | BA32: 524078688 | BC32: 488045440 | BD32: 384132416
A33: 16675 | B33: SYH_ECO24 | C33: hisS | D33: SYH_ECO24; SYH_ECO45; SYH_ECO55; SYH_ECO57; SYH_ECO5E; SYH_ECO7I; SYH_ECO81; SYH_ECO8A; SYH_ECOBW; SYH_ECODH; SYH_ECOHS; SYH_ECOK1; SYH_ECOL5; SYH_ECOL6; SYH_ECOLC; SYH_ECOLI; SYH_ECOSM; SYH_ECOUT | E33: SYH_ECO27; SYH_ECOLU; SYH_ECOSE | F33: sp|A7ZPV7|SYH_ECO24 Histidine--tRNA ligase OS=Escherichia coli O139:H28 (strain E24377A / ETEC) OX=331111 GN=hisS PE=3 SV=1 | G33: 828.035 | H33: true | I33: 2 | J33: 18 | K33: 3 | L33: 57.31 | M33: 47028 | N33: 29 | O33: 20 | P33: 20 | Q33: 20 | R33: 20 | S33: 264 | T33: 264 | U33: 20 | V33: 18 | W33: 17 | X33: 18 | Y33: 20 | Z33: 20 | AA33: 20 | AB33: 20 | AC33: 20 | AD33: 23 | AE33: 23 | AF33: 34 | AG33: 27 | AH33: 40 | AI33: 40 | AJ33: 38 | AK33: 39 | AL33: 122627664 | AM33: 122738840 | AN33: 203514896 | AO33: 319699456 | AP33: 238356512 | AQ33: 276944544 | AR33: 257921328 | AS33: 292392256 | AT33: 119050800 | AU33: 122989912 | AW33: 115215736 | AX33: 128647920 | AZ33: 167511760 | BA33: 185030304 | BC33: 158609552 | BD33: 158355248
A34: 16681 | B34: RL4_ECO24 | C34: rplD | D34: RL4_ECO24; RL4_ECO27; RL4_ECO45; RL4_ECO55; RL4_ECO57; RL4_ECO5E; RL4_ECO7I; RL4_ECO81; RL4_ECO8A; RL4_ECOBW; RL4_ECODH; RL4_ECOHS; RL4_ECOK1; RL4_ECOL5; RL4_ECOL6; RL4_ECOLC; RL4_ECOLI; RL4_ECOLU; RL4_ECOSE; RL4_ECOSM; RL4_ECOUT | F34: sp|A7ZSK8|RL4_ECO24 50S ribosomal protein L4 OS=Escherichia coli O139:H28 (strain E24377A / ETEC) OX=331111 GN=rplD PE=3 SV=1 | G34: 827.349 | H34: true | I34: 2 | J34: 21 | K34: 0 | L34: 85.07 | M34: 22086 | N34: 13 | O34: 23 | P34: 23 | Q34: 23 | R34: 23 | S34: 1090 | T34: 1090 | U34: 23 | V34: 19 | W34: 14 | X34: 18 | Y34: 22 | Z34: 22 | AA34: 22 | AB34: 22 | AC34: 22 | AD34: 144 | AE34: 171 | AF34: 104 | AG34: 102 | AH34: 150 | AI34: 175 | AJ34: 139 | AK34: 105 | AL34: 656609408 | AM34: 752035136 | AN34: 630178048 | AO34: 904934848 | AP34: 487044576 | AQ34: 703154048 | AR34: 652245056 | AS34: 542568768 | AT34: 619550592 | AU34: 545093312 | AW34: 305419360 | AX34: 330738176 | AZ34: 438251136 | BA34: 498701152 | BC34: 448053376 | BD34: 334860064
A35: 16767 | B35: PSD_ECO24 | C35: psd | D35: PSD_ECO24; PSD_ECO57; PSD_ECO5E; PSD_ECO81; PSD_ECO8A; PSD_ECOBW; PSD_ECODH; PSD_ECOL5; PSD_ECOL6; PSD_ECOLC; PSD_ECOLI; PSD_ECOLU; PSD_ECOSE; PSD_ECOSM | E35: PSD_ECO27; PSD_ECO45; PSD_ECO55; PSD_ECO7I; PSD_ECOHS; PSD_ECOUT | F35: sp|A7ZV31|PSD_ECO24 Phosphatidylserine decarboxylase proenzyme OS=Escherichia coli O139:H28 (strain E24377A / ETEC) OX=331111 GN=psd PE=3 SV=1 | G35: 792.821 | H35: true | I35: 2 | J35: 14 | K35: 6 | L35: 73.29 | M35: 35933 | N35: 16 | O35: 19 | P35: 19 | Q35: 19 | R35: 19 | S35: 680 | T35: 680 | U35: 19 | V35: 14 | W35: 15 | X35: 17 | Y35: 19 | Z35: 16 | AA35: 17 | AB35: 19 | AC35: 19 | AD35: 80 | AE35: 89 | AF35: 137 | AG35: 110 | AH35: 28 | AI35: 25 | AJ35: 92 | AK35: 119 | AL35: 516288576 | AM35: 457125344 | AN35: 969326464 | AO35: 1180957952 | AP35: 217027392 | AQ35: 249056128 | AR35: 868298176 | AS35: 936133760 | AT35: 420957920 | AU35: 426705216 | AW35: 549725632 | AX35: 485863552 | AZ35: 141472784 | BA35: 150070752 | BC35: 520868832 | BD35: 517507968
A36: 16823 | B36: SYFB_ECOL6 | C36: pheT | D36: SYFB_ECOL6; SYFB_ECOLI | E36: SYFB_ECO57 | F36: sp|P59664|SYFB_ECOL6 Phenylalanine--tRNA ligase beta subunit OS=Escherichia coli O6:H1 (strain CFT073 / ATCC 700928 / UPEC) OX=199310 GN=pheT PE=3 SV=1 | G36: 778.428 | H36: true | I36: 2 | J36: 2 | K36: 1 | L36: 37.61 | M36: 87361 | N36: 44 | O36: 25 | P36: 25 | Q36: 25 | R36: 25 | S36: 201 | T36: 201 | U36: 25 | V36: 17 | W36: 21 | X36: 23 | Y36: 24 | Z36: 25 | AA36: 24 | AB36: 25 | AC36: 25 | AD36: 21 | AE36: 16 | AF36: 23 | AG36: 26 | AH36: 34 | AI36: 32 | AJ36: 24 | AK36: 25 | AL36: 97841216 | AM36: 92632136 | AN36: 189294736 | AO36: 267710160 | AP36: 231859104 | AQ36: 262369712 | AR36: 262106256 | AS36: 283406336 | AT36: 111968344 | AU36: 107032896 | AW36: 100618184 | AX36: 98029096 | AZ36: 156376800 | BA36: 163572128 | BC36: 140308784 | BD36: 136645552
A37: 16797 | B37: RF1_ECO24 | C37: prfA | D37: RF1_ECO24; RF1_ECO45; RF1_ECO55; RF1_ECO57; RF1_ECO5E; RF1_ECO7I; RF1_ECO8A; RF1_ECOBW; RF1_ECODH; RF1_ECOHS; RF1_ECOK1; RF1_ECOL5; RF1_ECOL6; RF1_ECOLC; RF1_ECOLI; RF1_ECOLU; RF1_ECOSE; RF1_ECOSM; RF1_ECOUT | E37: RF1_ECO27; RF1_ECO81 | F37: sp|A7ZKY5|RF1_ECO24 Peptide chain release factor 1 OS=Escherichia coli O139:H28 (strain E24377A / ETEC) OX=331111 GN=prfA PE=3 SV=1 | G37: 745.083 | H37: true | I37: 2 | J37: 19 | K37: 2 | L37: 55.56 | M37: 40516 | N37: 25 | O37: 19 | P37: 19 | Q37: 19 | R37: 19 | S37: 384 | T37: 384 | U37: 19 | V37: 17 | W37: 18 | X37: 19 | Y37: 19 | Z37: 19 | AA37: 19 | AB37: 19 | AC37: 19 | AD37: 50 | AE37: 37 | AF37: 59 | AG37: 55 | AH37: 47 | AI37: 52 | AJ37: 42 | AK37: 42 | AL37: 190306752 | AM37: 163852192 | AN37: 857176128 | AO37: 949921024 | AP37: 433843360 | AQ37: 482306016 | AR37: 435015872 | AS37: 463481504 | AT37: 190217376 | AU37: 172384192 | AW37: 448740800 | AX37: 364812992 | AZ37: 293536896 | BA37: 305062496 | BC37: 242038320 | BD37: 236576048
A38: 16668 | B38: RF2_ECO27 | C38: prfB | D38: RF2_ECO27; RF2_ECO45; RF2_ECO55; RF2_ECO57; RF2_ECO7I; RF2_ECO81; RF2_ECOBW; RF2_ECODH; RF2_ECOL6; RF2_ECOLC; RF2_ECOLI; RF2_ECOLU; RF2_ECOSM | E38: RF2_ECO8A; RF2_ECOHS | F38: sp|B7UHU0|RF2_ECO27 Peptide chain release factor 2 OS=Escherichia coli O127:H6 (strain E2348/69 / EPEC) OX=574521 GN=prfB PE=3 SV=1 | G38: 739.2 | H38: true | I38: 2 | J38: 13 | K38: 2 | L38: 51.78 | M38: 41220 | N38: 21 | O38: 19 | P38: 19 | Q38: 19 | R38: 19 | S38: 206 | T38: 206 | U38: 19 | V38: 15 | W38: 15 | X38: 19 | Y38: 19 | Z38: 19 | AA38: 19 | AB38: 19 | AC38: 19 | AD38: 17 | AE38: 14 | AF38: 39 | AG38: 39 | AH38: 24 | AI38: 28 | AJ38: 22 | AK38: 23 | AL38: 148694592 | AM38: 138331168 | AN38: 655185472 | AO38: 702209472 | AP38: 325740064 | AQ38: 367741408 | AR38: 299380448 | AS38: 302445056 | AT38: 145689600 | AU38: 122465224 | AW38: 299210368 | AX38: 246892144 | AZ38: 221551328 | BA38: 225319408 | BC38: 174883328 | BD38: 169167856
A39: 16719 | B39: SYY_ECO24 | C39: tyrS | D39: SYY_ECO24; SYY_ECO57; SYY_ECO5E; SYY_ECO7I; SYY_ECOBW; SYY_ECODH; SYY_ECOHS; SYY_ECOLC; SYY_ECOLI; SYY_ECOLU; SYY_ECOSE; SYY_ECOSM | E39: SYY_ECO27; SYY_ECO45; SYY_ECO55; SYY_ECO81; SYY_ECO8A; SYY_ECOK1; SYY_ECOL6; SYY_ECOUT | F39: sp|A7ZM99|SYY_ECO24 Tyrosine--tRNA ligase OS=Escherichia coli O139:H28 (strain E24377A / ETEC) OX=331111 GN=tyrS PE=3 SV=1 | G39: 736.491 | H39: true | I39: 2 | J39: 12 | K39: 8 | L39: 43.63 | M39: 47526 | N39: 18 | O39: 14 | P39: 14 | Q39: 14 | R39: 14 | S39: 127 | T39: 127 | U39: 14 | V39: 8 | W39: 10 | X39: 11 | Y39: 13 | Z39: 12 | AA39: 13 | AB39: 12 | AC39: 13 | AD39: 5 | AE39: 11 | AF39: 12 | AG39: 17 | AH39: 21 | AI39: 25 | AJ39: 19 | AK39: 17 | AL39: 38033520 | AM39: 46154576 | AN39: 61492700 | AO39: 97263528 | AP39: 76370936 | AQ39: 96568496 | AR39: 90893000 | AS39: 104705560 | AT39: 22540424 | AU39: 41271940 | AW39: 40950716 | AX39: 49067524 | AZ39: 68442144 | BA39: 79106120 | BC39: 76352280 | BD39: 81159640
A40: 16698 | B40: SYI_ECO24 | C40: ileS | D40: SYI_ECO24; SYI_ECO55; SYI_ECO7I; SYI_ECO8A; SYI_ECOBW; SYI_ECODH; SYI_ECOHS; SYI_ECOLC; SYI_ECOLI; SYI_ECOLU; SYI_ECOSE; SYI_ECOSM | E40: SYI_ECO27; SYI_ECO45; SYI_ECO57; SYI_ECO5E; SYI_ECO81; SYI_ECOK1; SYI_ECOL5; SYI_ECOL6; SYI_ECOUT | F40: sp|A7ZHB5|SYI_ECO24 Isoleucine--tRNA ligase OS=Escherichia coli O139:H28 (strain E24377A / ETEC) OX=331111 GN=ileS PE=3 SV=1 | G40: 720.82 | H40: true | I40: 2 | J40: 12 | K40: 9 | L40: 32.52 | M40: 104279 | N40: 58 | O40: 25 | P40: 25 | Q40: 25 | R40: 25 | S40: 173 | T40: 173 | U40: 24 | V40: 20 | W40: 18 | X40: 22 | Y40: 22 | Z40: 24 | AA40: 24 | AB40: 24 | AC40: 24 | AD40: 21 | AE40: 15 | AF40: 12 | AG40: 14 | AH40: 29 | AI40: 35 | AJ40: 21 | AK40: 25 | AL40: 65374448 | AM40: 61350344 | AN40: 91100016 | AO40: 115957816 | AP40: 112903968 | AQ40: 152571248 | AR40: 110143440 | AS40: 142765104 | AT40: 64713792 | AU40: 66100204 | AW40: 46021460 | AX40: 42693428 | AZ40: 75235160 | BA40: 92659560 | BC40: 65655864 | BD40: 76897896
A41: 16756 | B41: SYS_ECO24 | C41: serS | D41: SYS_ECO24; SYS_ECO27; SYS_ECO45; SYS_ECO55; SYS_ECO57; SYS_ECO5E; SYS_ECO7I; SYS_ECO81; SYS_ECO8A; SYS_ECOBW; SYS_ECODH; SYS_ECOHS; SYS_ECOK1; SYS_ECOL5; SYS_ECOL6; SYS_ECOLC; SYS_ECOLI; SYS_ECOLU; SYS_ECOSE; SYS_ECOSM; SYS_ECOUT | F41: sp|A7ZJW2|SYS_ECO24 Serine--tRNA ligase OS=Escherichia coli O139:H28 (strain E24377A / ETEC) OX=331111 GN=serS PE=3 SV=1 | G41: 713.998 | H41: true | I41: 2 | J41: 21 | K41: 0 | L41: 54.42 | M41: 48413 | N41: 28 | O41: 22 | P41: 22 | Q41: 22 | R41: 22 | S41: 315 | T41: 315 | U41: 22 | V41: 16 | W41: 19 | X41: 19 | Y41: 21 | Z41: 22 | AA41: 22 | AB41: 22 | AC41: 22 | AD41: 31 | AE41: 24 | AF41: 33 | AG41: 38 | AH41: 53 | AI41: 60 | AJ41: 35 | AK41: 41 | AL41: 232997456 | AM41: 243817680 | AN41: 426837280 | AO41: 542140864 | AP41: 515652000 | AQ41: 613203008 | AR41: 501194208 | AS41: 542066880 | AT41: 241727728 | AU41: 241443376 | AW41: 209115168 | AX41: 203048496 | AZ41: 319924256 | BA41: 362103008 | BC41: 277608256 | BD41: 273027296
A42: 16741 | B42: SYK1_ECO57 | C42: lysS | D42: SYK1_ECO57; SYK1_ECOL6; SYK1_ECOLI | F42: sp|Q8XD57|SYK1_ECO57 Lysine--tRNA ligase OS=Escherichia coli O157:H7 OX=83334 GN=lysS PE=3 SV=3 | G42: 694.012 | H42: true | I42: 2 | J42: 3 | K42: 0 | L42: 55.25 | M42: 57630 | N42: 32 | O42: 23 | P42: 17 | Q42: 23 | R42: 17 | S42: 219 | T42: 185 | U42: 17 | V42: 13 | W42: 15 | X42: 14 | Y42: 16 | Z42: 16 | AA42: 16 | AB42: 16 | AC42: 16 | AD42: 18 | AE42: 20 | AF42: 19 | AG42: 21 | AH42: 28 | AI42: 29 | AJ42: 25 | AK42: 25 | AL42: 113751888 | AM42: 111027024 | AN42: 162775696 | AO42: 262913488 | AP42: 208736736 | AQ42: 257197808 | AR42: 220937696 | AS42: 260999088 | AT42: 79528872 | AU42: 81235184 | AW42: 62085916 | AX42: 65781392 | AZ42: 95008704 | BA42: 107158272 | BC42: 85891832 | BD42: 93996960
A43: 16680 | B43: RL6_ECO24 | C43: rplF | D43: RL6_ECO24; RL6_ECO27; RL6_ECO45; RL6_ECO55; RL6_ECO57; RL6_ECO5E; RL6_ECO7I; RL6_ECO81; RL6_ECO8A; RL6_ECOBW; RL6_ECODH; RL6_ECOHS; RL6_ECOK1; RL6_ECOL5; RL6_ECOL6; RL6_ECOLC; RL6_ECOLI; RL6_ECOLU; RL6_ECOSE; RL6_ECOSM; RL6_ECOUT | F43: sp|A7ZSJ4|RL6_ECO24 50S ribosomal protein L6 OS=Escherichia coli O139:H28 (strain E24377A / ETEC) OX=331111 GN=rplF PE=3 SV=1 | G43: 676.431 | H43: true | I43: 2 | J43: 21 | K43: 0 | L43: 63.84 | M43: 18903 | N43: 10 | O43: 13 | P43: 13 | Q43: 14 | R43: 14 | S43: 1708 | T43: 1708 | U43: 14 | V43: 12 | W43: 13 | X43: 13 | Y43: 13 | Z43: 13 | AA43: 13 | AB43: 13 | AC43: 13 | AD43: 220 | AE43: 255 | AF43: 194 | AG43: 162 | AH43: 212 | AI43: 208 | AJ43: 234 | AK43: 223 | AL43: 2220992000 | AM43: 2355230464 | AN43: 2086898048 | AO43: 2676498688 | AP43: 1752514688 | AQ43: 1912764288 | AR43: 1924401408 | AS43: 1675879936 | AT43: 2046972544 | AU43: 2208443904 | AW43: 1031051712 | AX43: 1124198528 | AZ43: 1233377408 | BA43: 1246224384 | BC43: 1177793536 | BD43: 1015671296
A44: 16728 | B44: RL22_ECO24 | C44: rplV | D44: RL22_ECO24; RL22_ECO27; RL22_ECO45; RL22_ECO55; RL22_ECO57; RL22_ECO5E; RL22_ECO7I; RL22_ECO81; RL22_ECO8A; RL22_ECOBW; RL22_ECODH; RL22_ECOHS; RL22_ECOK1; RL22_ECOL5; RL22_ECOL6; RL22_ECOLC; RL22_ECOLI; RL22_ECOLU; RL22_ECOSE; RL22_ECOSM; RL22_ECOUT | F44: sp|A7ZSK4|RL22_ECO24 50S ribosomal protein L22 OS=Escherichia coli O139:H28 (strain E24377A / ETEC) OX=331111 GN=rplV PE=3 SV=1 | G44: 671.813 | H44: true | I44: 2 | J44: 21 | K44: 0 | L44: 77.27 | M44: 12226 | N44: 7 | O44: 16 | P44: 16 | Q44: 17 | R44: 17 | S44: 565 | T44: 565 | U44: 17 | V44: 13 | W44: 14 | X44: 12 | Y44: 17 | Z44: 16 | AA44: 15 | AB44: 17 | AC44: 16 | AD44: 90 | AE44: 112 | AF44: 40 | AG44: 81 | AH44: 62 | AI44: 58 | AJ44: 64 | AK44: 58 | AL44: 578875904 | AM44: 663820608 | AN44: 412764640 | AO44: 765846080 | AP44: 492290496 | AQ44: 611754496 | AR44: 517076736 | AS44: 419047712 | AT44: 547265088 | AU44: 713675072 | AW44: 215819296 | AX44: 364837856 | AZ44: 398513120 | BA44: 443743136 | BC44: 396651616 | BD44: 311046912
A45: 16682 | B45: RS6_ECO24 | C45: rpsF | D45: RS6_ECO24; RS6_ECO27; RS6_ECO45; RS6_ECO55; RS6_ECO57; RS6_ECO5E; RS6_ECO7I; RS6_ECO81; RS6_ECO8A; RS6_ECOBW; RS6_ECODH; RS6_ECOHS; RS6_ECOK1; RS6_ECOL6; RS6_ECOLC; RS6_ECOSE; RS6_ECOSM; RS6_ECOUT | E45: RS6_ECOLI; RS6_ECOLU | F45: sp|A7ZV71|RS6_ECO24 30S ribosomal protein S6 OS=Escherichia coli O139:H28 (strain E24377A / ETEC) OX=331111 GN=rpsF PE=3 SV=1 | G45: 640.256 | H45: true | I45: 2 | J45: 18 | K45: 2 | L45: 86.26 | M45: 15186 | N45: 8 | O45: 12 | P45: 12 | Q45: 13 | R45: 13 | S45: 2437 | T45: 2437 | U45: 13 | V45: 10 | W45: 12 | X45: 12 | Y45: 13 | Z45: 13 | AA45: 12 | AB45: 13 | AC45: 13 | AD45: 224 | AE45: 345 | AF45: 343 | AG45: 310 | AH45: 327 | AI45: 290 | AJ45: 300 | AK45: 298 | AL45: 2879703296 | AM45: 3230817792 | AN45: 2796195072 | AO45: 3914401024 | AP45: 1847874944 | AQ45: 1890168704 | AR45: 1789926656 | AS45: 2363291136 | AT45: 1941515776 | AU45: 2495504384 | AW45: 1684292224 | AX45: 1755932416 | AZ45: 1397395840 | BA45: 1246131840 | BC45: 1201313664 | BD45: 1383296000
A46: 16769 | B46: RL16_ECO24 | C46: rplP | D46: RL16_ECO24; RL16_ECO27; RL16_ECO45; RL16_ECO55; RL16_ECO57; RL16_ECO5E; RL16_ECO7I; RL16_ECO81; RL16_ECO8A; RL16_ECOBW; RL16_ECODH; RL16_ECOHS; RL16_ECOK1; RL16_ECOL5; RL16_ECOL6; RL16_ECOLC; RL16_ECOLI; RL16_ECOLU; RL16_ECOSE; RL16_ECOSM; RL16_ECOUT | F46: sp|A7ZSK2|RL16_ECO24 50S ribosomal protein L16 OS=Escherichia coli O139:H28 (strain E24377A / ETEC) OX=331111 GN=rplP PE=3 SV=1 | G46: 616.659 | H46: true | I46: 2 | J46: 21 | K46: 0 | L46: 65.44 | M46: 15281 | N46: 5 | O46: 12 | P46: 12 | Q46: 13 | R46: 13 | S46: 586 | T46: 586 | U46: 13 | V46: 11 | W46: 11 | X46: 11 | Y46: 12 | Z46: 13 | AA46: 13 | AB46: 12 | AC46: 13 | AD46: 91 | AE46: 76 | AF46: 75 | AG46: 51 | AH46: 60 | AI46: 88 | AJ46: 89 | AK46: 56 | AL46: 532452064 | AM46: 503383360 | AN46: 666870912 | AO46: 840252416 | AP46: 520306784 | AQ46: 616944320 | AR46: 552430144 | AS46: 453648928 | AT46: 616155648 | AU46: 591081920 | AW46: 297722464 | AX46: 344445120 | AZ46: 405956800 | BA46: 401813632 | BC46: 367176960 | BD46: 292947328
A47: 16793 | B47: IF3_ECO27 | C47: infC | D47: IF3_ECO27; IF3_ECO57; IF3_ECOBW; IF3_ECOL6; IF3_ECOLC; IF3_ECOLI | F47: sp|B7USA1|IF3_ECO27 Translation initiation factor IF-3 OS=Escherichia coli O127:H6 (strain E2348/69 / EPEC) OX=574521 GN=infC PE=3 SV=1 | G47: 614.685 | H47: true | I47: 2 | J47: 6 | K47: 0 | L47: 47.78 | M47: 20563 | N47: 9 | O47: 11 | P47: 11 | Q47: 13 | R47: 13 | S47: 1949 | T47: 1949 | U47: 13 | V47: 13 | W47: 13 | X47: 13 | Y47: 13 | Z47: 12 | AA47: 12 | AB47: 12 | AC47: 13 | AD47: 348 | AE47: 384 | AF47: 253 | AG47: 187 | AH47: 204 | AI47: 199 | AJ47: 180 | AK47: 194 | AL47: 1814387072 | AM47: 1894461440 | AN47: 2306882560 | AO47: 2901306112 | AP47: 1402503936 | AQ47: 1401871360 | AR47: 1575069824 | AS47: 1574669696 | AT47: 1694979456 | AU47: 1862348928 | AW47: 1290530048 | AX47: 1199659136 | AZ47: 922120320 | BA47: 901670016 | BC47: 993074752 | BD47: 902855744
A48: 16809 | B48: PMT_MYCTU1 | C48: X5DSL3 | D48: PMT_MYCTU1; PMT_MYCTU2; PMT_MYCTUmCherry-PMTub-TwinStrep; X5DSL3_ANAMA | F48: sp|P9WN05-HIS|PMT_MYCTU1 mCherryNter_TEV_Hisx10_PMTub | G48: 585.501 | H48: true | I48: 2 | J48: 4 | K48: 0 | L48: 20.16 | M48: 84600 | N48: 34 | O48: 13 | P48: 13 | Q48: 15 | R48: 15 | S48: 207 | T48: 207 | U48: 15 | V48: 10 | W48: 10 | X48: 13 | Y48: 15 | Z48: 7 | AA48: 9 | AB48: 13 | AC48: 13 | AD48: 44 | AE48: 44 | AF48: 45 | AG48: 42 | AH48: 3 | AI48: 4 | AJ48: 13 | AK48: 12 | AL48: 277297280 | AM48: 315308192 | AN48: 331450752 | AO48: 344165440 | AP48: 25383056 | AQ48: 32562996 | AR48: 85895376 | AS48: 81992168 | AT48: 215185360 | AU48: 276508224 | AW48: 207125008 | AX48: 167305872 | AZ48: 8091876.5 | BA48: 16174679 | BC48: 57765840 | BD48: 49816444
A49: 16718 | B49: SYGA_ECO24 | C49: glyQ | D49: SYGA_ECO24; SYGA_ECO27; SYGA_ECO45; SYGA_ECO55; SYGA_ECO57; SYGA_ECO5E; SYGA_ECO7I; SYGA_ECO81; SYGA_ECO8A; SYGA_ECOBW; SYGA_ECOHS; SYGA_ECOK1; SYGA_ECOL5; SYGA_ECOL6; SYGA_ECOLC; SYGA_ECOLU; SYGA_ECOSE; SYGA_ECOSM; SYGA_ECOUT | E49: SYGA_ECOLI | F49: sp|A7ZTA6|SYGA_ECO24 Glycine--tRNA ligase alpha subunit OS=Escherichia coli O139:H28 (strain E24377A / ETEC) OX=331111 GN=glyQ PE=3 SV=1 | G49: 580.154 | H49: true | I49: 2 | J49: 19 | K49: 1 | L49: 48.84 | M49: 34715 | N49: 14 | O49: 12 | P49: 12 | Q49: 13 | R49: 13 | S49: 145 | T49: 145 | U49: 12 | V49: 9 | W49: 11 | X49: 12 | Y49: 12 | Z49: 12 | AA49: 12 | AB49: 12 | AC49: 12 | AD49: 14 | AE49: 11 | AF49: 15 | AG49: 14 | AH49: 26 | AI49: 26 | AJ49: 17 | AK49: 21 | AL49: 75006504 | AM49: 76353288 | AN49: 183467552 | AO49: 251025712 | AP49: 190949840 | AQ49: 225533056 | AR49: 208251712 | AS49: 235142592 | AT49: 101461352 | AU49: 109209912 | AW49: 87737376 | AX49: 81987528 | AZ49: 134257952 | BA49: 148643280 | BC49: 125278000 | BD49: 117637640
A50: 16747 | B50: RL10_ECO24 | C50: rplJ | D50: RL10_ECO24; RL10_ECO27; RL10_ECO45; RL10_ECO55; RL10_ECO57; RL10_ECO5E; RL10_ECO7I; RL10_ECO81; RL10_ECO8A; RL10_ECOBW; RL10_ECODH; RL10_ECOHS; RL10_ECOK1; RL10_ECOL5; RL10_ECOL6; RL10_ECOLC; RL10_ECOLI; RL10_ECOLU; RL10_ECOSE; RL10_ECOSM; RL10_ECOUT | F50: sp|A7ZUJ8|RL10_ECO24 50S ribosomal protein L10 OS=Escherichia coli O139:H28 (strain E24377A / ETEC) OX=331111 GN=rplJ PE=3 SV=1 | G50: 579.658 | H50: true | I50: 2 | J50: 21 | K50: 0 | L50: 83.64 | M50: 17711 | N50: 12 | O50: 16 | P50: 16 | Q50: 18 | R50: 18 | S50: 582 | T50: 582 | U50: 18 | V50: 10 | W50: 10 | X50: 16 | Y50: 17 | Z50: 16 | AA50: 17 | AB50: 18 | AC50: 18 | AD50: 69 | AE50: 103 | AF50: 56 | AG50: 57 | AH50: 71 | AI50: 74 | AJ50: 79 | AK50: 73 | AL50: 1196486528 | AM50: 1086965504 | AN50: 1258601088 | AO50: 1824651520 | AP50: 1141528960 | AQ50: 1230698240 | AR50: 1160932096 | AS50: 1200939136 | AT50: 797648576 | AU50: 472779552 | AW50: 701761728 | AX50: 839566656 | AZ50: 820538432 | BA50: 790067968 | BC50: 743190400 | BD50: 888195968
A51: 16692 | B51: FMT_ECO27 | C51: fmt | D51: FMT_ECO27; FMT_ECO55; FMT_ECO7I; FMT_ECOBW; FMT_ECODH; FMT_ECOHS; FMT_ECOLC; FMT_ECOLI; FMT_ECOLU; FMT_ECOSE | E51: FMT_ECO24; FMT_ECO45; FMT_ECO57; FMT_ECO5E; FMT_ECO81; FMT_ECO8A; FMT_ECOK1; FMT_ECOL5; FMT_ECOL6; FMT_ECOSM; FMT_ECOUT | F51: sp|B7UK11|FMT_ECO27 Methionyl-tRNA formyltransferase OS=Escherichia coli O127:H6 (strain E2348/69 / EPEC) OX=574521 GN=fmt PE=3 SV=1 | G51: 566.287 | H51: true | I51: 2 | J51: 10 | K51: 11 | L51: 46.67 | M51: 34154 | N51: 21 | O51: 12 | P51: 12 | Q51: 12 | R51: 12 | S51: 125 | T51: 125 | U51: 12 | V51: 9 | W51: 10 | X51: 12 | Y51: 12 | Z51: 12 | AA51: 12 | AB51: 12 | AC51: 12 | AD51: 10 | AE51: 11 | AF51: 16 | AG51: 13 | AH51: 20 | AI51: 18 | AJ51: 18 | AK51: 19 | AL51: 74895896 | AM51: 62838528 | AN51: 123551040 | AO51: 188379568 | AP51: 163953536 | AQ51: 197536992 | AR51: 161021776 | AS51: 180831312 | AT51: 80730752 | AU51: 62170140 | AW51: 72136176 | AX51: 66010160 | AZ51: 112634048 | BA51: 117325192 | BC51: 90743976 | BD51: 89491672
A52: 16729 | B52: RS8_ECO24 | C52: rpsH | D52: RS8_ECO24; RS8_ECO27; RS8_ECO45; RS8_ECO55; RS8_ECO57; RS8_ECO5E; RS8_ECO7I; RS8_ECO81; RS8_ECO8A; RS8_ECOBW; RS8_ECODH; RS8_ECOHS; RS8_ECOK1; RS8_ECOL5; RS8_ECOL6; RS8_ECOLC; RS8_ECOLI; RS8_ECOLU; RS8_ECOSE; RS8_ECOSM; RS8_ECOUT | F52: sp|A7ZSJ5|RS8_ECO24 30S ribosomal protein S8 OS=Escherichia coli O139:H28 (strain E24377A / ETEC) OX=331111 GN=rpsH PE=3 SV=1 | G52: 550.858 | H52: true | I52: 2 | J52: 21 | K52: 0 | L52: 68.46 | M52: 14126 | N52: 11 | O52: 11 | P52: 11 | Q52: 14 | R52: 14 | S52: 1127 | T52: 1127 | U52: 14 | V52: 12 | W52: 14 | X52: 12 | Y52: 14 | Z52: 13 | AA52: 13 | AB52: 13 | AC52: 13 | AD52: 154 | AE52: 212 | AF52: 119 | AG52: 127 | AH52: 152 | AI52: 123 | AJ52: 98 | AK52: 142 | AL52: 3333712896 | AM52: 3490234112 | AN52: 2062831616 | AO52: 2314607360 | AP52: 1657250944 | AQ52: 1606456832 | AR52: 1454441088 | AS52: 2050333056 | AT52: 2966195712 | AU52: 3210190592 | AW52: 986984192 | AX52: 843920640 | AZ52: 1129208064 | BA52: 1082485248 | BC52: 863269760 | BD52: 1094429952
A53: 16817 | B53: RL9_ECO24 | C53: rplI | D53: RL9_ECO24; RL9_ECO27; RL9_ECO45; RL9_ECO55; RL9_ECO57; RL9_ECO5E; RL9_ECO7I; RL9_ECO81; RL9_ECO8A; RL9_ECOBW; RL9_ECODH; RL9_ECOHS; RL9_ECOK1; RL9_ECOL5; RL9_ECOL6; RL9_ECOLC; RL9_ECOLI; RL9_ECOLU; RL9_ECOSE; RL9_ECOSM; RL9_ECOUT | F53: sp|A7ZV74|RL9_ECO24 50S ribosomal protein L9 OS=Escherichia coli O139:H28 (strain E24377A / ETEC) OX=331111 GN=rplI PE=3 SV=1 | G53: 540.706 | H53: true | I53: 2 | J53: 21 | K53: 0 | L53: 90.6 | M53: 15768 | N53: 14 | O53: 16 | P53: 16 | Q53: 16 | R53: 16 | S53: 2380 | T53: 2380 | U53: 16 | V53: 12 | W53: 13 | X53: 15 | Y53: 16 | Z53: 16 | AA53: 16 | AB53: 16 | AC53: 16 | AD53: 207 | AE53: 234 | AF53: 274 | AG53: 323 | AH53: 377 | AI53: 364 | AJ53: 346 | AK53: 255 | AL53: 2738778368 | AM53: 2745584896 | AN53: 4021787904 | AO53: 5647090688 | AP53: 3003795456 | AQ53: 3290482432 | AR53: 2796586752 | AS53: 2446854656 | AT53: 2333088768 | AU53: 2669103360 | AW53: 1980963968 | AX53: 2170316800 | AZ53: 2204039168 | BA53: 2095733248 | BC53: 1770329728 | BD53: 1402813568
A54: 16785 | B54: SYN_ECO24 | C54: asnS | D54: SYN_ECO24; SYN_ECOHS; SYN_ECOL5; SYN_ECOL6; SYN_ECOLC; SYN_ECOLI; SYN_ECOUT | E54: SYN_ECO57 | F54: sp|A7ZK21|SYN_ECO24 Asparagine--tRNA ligase OS=Escherichia coli O139:H28 (strain E24377A / ETEC) OX=331111 GN=asnS PE=3 SV=1 | G54: 538.452 | H54: true | I54: 2 | J54: 7 | K54: 1 | L54: 37.34 | M54: 52569 | N54: 28 | O54: 16 | P54: 16 | Q54: 16 | R54: 16 | S54: 205 | T54: 205 | U54: 16 | V54: 13 | W54: 13 | X54: 14 | Y54: 16 | Z54: 14 | AA54: 15 | AB54: 16 | AC54: 16 | AD54: 18 | AE54: 17 | AF54: 17 | AG54: 29 | AH54: 34 | AI54: 34 | AJ54: 29 | AK54: 27 | AL54: 102100320 | AM54: 109873576 | AN54: 189051648 | AO54: 273835712 | AP54: 211783056 | AQ54: 260725984 | AR54: 244609728 | AS54: 270619744 | AT54: 112040136 | AU54: 114781320 | AW54: 94967200 | AX54: 96466128 | AZ54: 145082128 | BA54: 158507040 | BC54: 134881312 | BD54: 134680368
A55: 16822 | B55: RS13_ECO57 | C55: rpsM | D55: RS13_ECO57; RS13_ECOK1; RS13_ECOL5; RS13_ECOL6; RS13_ECOLI; RS13_ECOUT | F55: sp|P0A7T1|RS13_ECO57 30S ribosomal protein S13 OS=Escherichia coli O157:H7 OX=83334 GN=rpsM PE=3 SV=2 | G55: 524.293 | H55: true | I55: 2 | J55: 6 | K55: 0 | L55: 69.49 | M55: 13099 | N55: 7 | O55: 14 | P55: 14 | Q55: 17 | R55: 17 | S55: 2968 | T55: 2968 | U55: 17 | V55: 13 | W55: 14 | X55: 17 | Y55: 16 | Z55: 17 | AA55: 17 | AB55: 16 | AC55: 15 | AD55: 384 | AE55: 443 | AF55: 386 | AG55: 308 | AH55: 384 | AI55: 378 | AJ55: 339 | AK55: 346 | AL55: 1869422464 | AM55: 1980783488 | AN55: 2657822208 | AO55: 3959124224 | AP55: 2550149632 | AQ55: 2707806464 | AR55: 2469019392 | AS55: 2711337728 | AT55: 1965211776 | AU55: 2055332992 | AW55: 1606312320 | AX55: 1814349056 | AZ55: 1983745792 | BA55: 1869924736 | BC55: 1712623744 | BD55: 1581088128
A56: 16874 | B56: RHLE_ECOLI | C56: rhlE | D56: RHLE_ECOLI | F56: sp|P25888|RHLE_ECOLI ATP-dependent RNA helicase RhlE OS=Escherichia coli (strain K12) OX=83333 GN=rhlE PE=1 SV=3 | G56: 518.853 | H56: true | I56: 2 | J56: 1 | K56: 0 | L56: 52.86 | M56: 49988 | N56: 29 | O56: 19 | P56: 19 | Q56: 19 | R56: 19 | S56: 115 | T56: 115 | U56: 19 | V56: 10 | W56: 11 | X56: 13 | Y56: 19 | Z56: 16 | AA56: 17 | AB56: 16 | AC56: 17 | AD56: 6 | AE56: 7 | AF56: 18 | AG56: 26 | AH56: 13 | AI56: 17 | AJ56: 14 | AK56: 14 | AL56: 25689596 | AM56: 27024706 | AN56: 100632904 | AO56: 138655504 | AP56: 60396844 | AQ56: 71020688 | AR56: 74323320 | AS56: 66542980 | AT56: 7804886 | AU56: 11458021 | AW56: 46495312 | AX56: 93849344 | AZ56: 39106088 | BA56: 52073084 | BC56: 44533292 | BD56: 47068020
A57: 16770 | B57: FTSA_ECO57 | C57: ftsA | D57: FTSA_ECO57; FTSA_ECOL6; FTSA_ECOLI | F57: sp|P0ABH2|FTSA_ECO57 Cell division protein FtsA OS=Escherichia coli O157:H7 OX=83334 GN=ftsA PE=3 SV=1 | G57: 509.001 | H57: true | I57: 2 | J57: 3 | K57: 0 | L57: 38.33 | M57: 45329 | N57: 20 | O57: 11 | P57: 11 | Q57: 11 | R57: 11 | S57: 125 | T57: 125 | U57: 11 | V57: 6 | W57: 6 | X57: 10 | Y57: 11 | Z57: 10 | AA57: 10 | AB57: 11 | AC57: 11 | AD57: 5 | AE57: 8 | AF57: 18 | AG57: 25 | AH57: 12 | AI57: 10 | AJ57: 26 | AK57: 21 | AL57: 22611804 | AM57: 26183000 | AN57: 111076192 | AO57: 180420000 | AP57: 37933628 | AQ57: 39044276 | AR57: 107341616 | AS57: 115763336 | AT57: 3435012 | AU57: 6161888.5 | AW57: 80985728 | AX57: 83807240 | AZ57: 24253324 | BA57: 29884488 | BC57: 81653040 | BD57: 78398688
A58: 16672 | B58: RS10_ECO24 | C58: rpsJ | D58: RS10_ECO24; RS10_ECO27; RS10_ECO45; RS10_ECO55; RS10_ECO57; RS10_ECO5E; RS10_ECO7I; RS10_ECO81; RS10_ECO8A; RS10_ECOBW; RS10_ECODH; RS10_ECOHS; RS10_ECOK1; RS10_ECOL5; RS10_ECOL6; RS10_ECOLC; RS10_ECOLI; RS10_ECOLU; RS10_ECOSE; RS10_ECOSM; RS10_ECOUT | F58: sp|A7ZSL0|RS10_ECO24 30S ribosomal protein S10 OS=Escherichia coli O139:H28 (strain E24377A / ETEC) OX=331111 GN=rpsJ PE=3 SV=1 | G58: 508.188 | H58: true | I58: 2 | J58: 21 | K58: 0 | L58: 81.55 | M58: 11735 | N58: 8 | O58: 14 | P58: 14 | Q58: 15 | R58: 15 | S58: 2667 | T58: 2667 | U58: 15 | V58: 11 | W58: 11 | X58: 13 | Y58: 15 | Z58: 14 | AA58: 14 | AB58: 15 | AC58: 15 | AD58: 316 | AE58: 340 | AF58: 363 | AG58: 336 | AH58: 352 | AI58: 350 | AJ58: 322 | AK58: 288 | AL58: 4104949504 | AM58: 4027813632 | AN58: 4826697728 | AO58: 6407365120 | AP58: 3730201344 | AQ58: 3936692224 | AR58: 3353433856 | AS58: 3045459200 | AT58: 2504459008 | AU58: 2345982464 | AW58: 2341217024 | AX58: 2909292288 | AZ58: 2980964096 | BA58: 2751115520 | BC58: 2743868416 | BD58: 2085777280
A59: 16789 | B59: PTH_ECO24 | C59: pth | D59: PTH_ECO24; PTH_ECO27; PTH_ECO45; PTH_ECO55; PTH_ECO57; PTH_ECO5E; PTH_ECO7I; PTH_ECO81; PTH_ECO8A; PTH_ECOBW; PTH_ECODH; PTH_ECOHS; PTH_ECOL5; PTH_ECOL6; PTH_ECOLC; PTH_ECOLI; PTH_ECOSE; PTH_ECOSM; PTH_ECOUT | E59: PTH_ECOLU | F59: sp|A7ZKX7|PTH_ECO24 Peptidyl-tRNA hydrolase OS=Escherichia coli O139:H28 (strain E24377A / ETEC) OX=331111 GN=pth PE=3 SV=1 | G59: 502.518 | H59: true | I59: 2 | J59: 19 | K59: 1 | L59: 81.44 | M59: 21082 | N59: 14 | O59: 15 | P59: 15 | Q59: 15 | R59: 15 | S59: 404 | T59: 404 | U59: 15 | V59: 14 | W59: 13 | X59: 12 | Y59: 11 | Z59: 14 | AA59: 13 | AB59: 14 | AC59: 14 | AD59: 83 | AE59: 83 | AF59: 18 | AG59: 17 | AH59: 59 | AI59: 60 | AJ59: 39 | AK59: 45 | AL59: 889334848 | AM59: 652391808 | AN59: 195897088 | AO59: 240964768 | AP59: 457734400 | AQ59: 450090208 | AR59: 409799616 | AS59: 454230368 | AT59: 921989440 | AU59: 698038272 | AW59: 95190112 | AX59: 82979448 | AZ59: 294538464 | BA59: 270786016 | BC59: 238602400 | BD59: 235111104
A60: 16810 | B60: RL15_ECOBW | C60: rplO | D60: RL15_ECOBW; RL15_ECODH; RL15_ECOHS; RL15_ECOLC; RL15_ECOLI | E60: RL15_ECO24; RL15_ECO27; RL15_ECO45; RL15_ECO55; RL15_ECO57; RL15_ECO5E; RL15_ECO7I; RL15_ECO81; RL15_ECO8A; RL15_ECOK1; RL15_ECOL5; RL15_ECOL6; RL15_ECOLU; RL15_ECOSE; RL15_ECOSM; RL15_ECOUT | F60: sp|C4ZUF6|RL15_ECOBW 50S ribosomal protein L15 OS=Escherichia coli (strain K12 / MC4100 / BW2952) OX=595496 GN=rplO PE=3 SV=1 | G60: 497.42 | H60: true | I60: 2 | J60: 5 | K60: 16 | L60: 74.31 | M60: 14980 | N60: 11 | O60: 15 | P60: 15 | Q60: 15 | R60: 15 | S60: 826 | T60: 826 | U60: 15 | V60: 10 | W60: 11 | X60: 13 | Y60: 15 | Z60: 15 | AA60: 13 | AB60: 14 | AC60: 13 | AD60: 144 | AE60: 157 | AF60: 77 | AG60: 66 | AH60: 97 | AI60: 107 | AJ60: 96 | AK60: 82 | AL60: 1001199552 | AM60: 1126690432 | AN60: 789408512 | AO60: 1073476672 | AP60: 693169344 | AQ60: 872017920 | AR60: 754993344 | AS60: 658434176 | AT60: 665790592 | AU60: 795714560 | AW60: 391465824 | AX60: 694498304 | AZ60: 504388736 | BA60: 536959552 | BC60: 518714432 | BD60: 364617472
A61: 16768 | B61: RL18_ECO24 | C61: rplR | D61: RL18_ECO24; RL18_ECO27; RL18_ECO45; RL18_ECO55; RL18_ECO57; RL18_ECO5E; RL18_ECO7I; RL18_ECO81; RL18_ECO8A; RL18_ECOBW; RL18_ECODH; RL18_ECOHS; RL18_ECOK1; RL18_ECOL5; RL18_ECOL6; RL18_ECOLC; RL18_ECOLI; RL18_ECOLU; RL18_ECOSE; RL18_ECOSM; RL18_ECOUT | F61: sp|A7ZSJ3|RL18_ECO24 50S ribosomal protein L18 OS=Escherichia coli O139:H28 (strain E24377A / ETEC) OX=331111 GN=rplR PE=3 SV=1 | G61: 487.725 | H61: true | I61: 2 | J61: 21 | K61: 0 | L61: 87.18 | M61: 12769 | N61: 8 | O61: 15 | P61: 15 | Q61: 15 | R61: 15 | S61: 454 | T61: 454 | U61: 15 | V61: 10 | W61: 10 | X61: 12 | Y61: 15 | Z61: 14 | AA61: 13 | AB61: 14 | AC61: 14 | AD61: 47 | AE61: 70 | AF61: 35 | AG61: 58 | AH61: 68 | AI61: 64 | AJ61: 62 | AK61: 50 | AL61: 694535296 | AM61: 813604864 | AN61: 674000128 | AO61: 1129050880 | AP61: 607519040 | AQ61: 671895424 | AR61: 695405312 | AS61: 585942656 | AT61: 513681568 | AU61: 568268096 | AW61: 309823744 | AX61: 529389120 | AZ61: 492457632 | BA61: 455626752 | BC61: 422249376 | BD61: 329022784
A62: 16661 | B62: RL11_ECO24 | C62: rplK | D62: RL11_ECO24; RL11_ECO27; RL11_ECO45; RL11_ECO55; RL11_ECO57; RL11_ECO5E; RL11_ECO7I; RL11_ECO81; RL11_ECO8A; RL11_ECOBW; RL11_ECODH; RL11_ECOHS; RL11_ECOL5; RL11_ECOL6; RL11_ECOLC; RL11_ECOLI; RL11_ECOLU; RL11_ECOSE; RL11_ECOSM; RL11_ECOUT | F62: sp|A7ZUJ6|RL11_ECO24 50S ribosomal protein L11 OS=Escherichia coli O139:H28 (strain E24377A / ETEC) OX=331111 GN=rplK PE=3 SV=1 | G62: 485.091 | H62: true | I62: 2 | J62: 20 | K62: 0 | L62: 53.52 | M62: 14875 | N62: 10 | O62: 11 | P62: 11 | Q62: 13 | R62: 13 | S62: 1178 | T62: 1178 | U62: 13 | V62: 10 | W62: 10 | X62: 12 | Y62: 10 | Z62: 12 | AA62: 12 | AB62: 12 | AC62: 13 | AD62: 130 | AE62: 158 | AF62: 133 | AG62: 111 | AH62: 165 | AI62: 153 | AJ62: 170 | AK62: 158 | AL62: 1211921280 | AM62: 1214595840 | AN62: 1121024768 | AO62: 1601525504 | AP62: 1000290240 | AQ62: 1130430336 | AR62: 978461248 | AS62: 978460480 | AT62: 1055957504 | AU62: 1113069184 | AW62: 544517824 | AX62: 540511104 | AZ62: 699667392 | BA62: 723148544 | BC62: 589338624 | BD62: 523054080
A63: 16860 | B63: HIS7_ECOL6 | C63: hisB | D63: HIS7_ECOL6 | E63: HIS7_ECO57 | F63: sp|Q8FG50|HIS7_ECOL6 Histidine biosynthesis bifunctional protein HisB OS=Escherichia coli O6:H1 (strain CFT073 / ATCC 700928 / UPEC) OX=199310 GN=hisB PE=3 SV=2 | G63: 450.297 | H63: true | I63: 2 | J63: 1 | K63: 1 | L63: 37.75 | M63: 40302 | N63: 21 | O63: 13 | P63: 3 | Q63: 13 | R63: 3 | S63: 352 | T63: 38 | U63: 3 | V63: 2 | W63: 2 | X63: 3 | Y63: 2 | Z63: 3 | AA63: 3 | AB63: 2 | AC63: 2 | AD63: 5 | AE63: 6 | AF63: 5 | AG63: 4 | AH63: 4 | AI63: 4 | AJ63: 5 | AK63: 5 | AL63: 139339056 | AM63: 122892592 | AN63: 345796800 | AO63: 374817504 | AP63: 274354688 | AQ63: 295271008 | AR63: 257725152 | AS63: 275346048 | AT63: 16864600 | AU63: 16985626 | AW63: 19954286 | AX63: 14804809 | AZ63: 26138762 | BA63: 26169882 | BC63: 19798906 | BD63: 20081008
A64: 16659 | B64: RS9_ECO24 | C64: rpsI | D64: RS9_ECO24; RS9_ECO27; RS9_ECO45; RS9_ECO55; RS9_ECO57; RS9_ECO5E; RS9_ECO7I; RS9_ECO81; RS9_ECO8A; RS9_ECOBW; RS9_ECODH; RS9_ECOHS; RS9_ECOK1; RS9_ECOL5; RS9_ECOL6; RS9_ECOLC; RS9_ECOLI; RS9_ECOLU; RS9_ECOSE; RS9_ECOSM; RS9_ECOUT | F64: sp|A7ZSC4|RS9_ECO24 30S ribosomal protein S9 OS=Escherichia coli O139:H28 (strain E24377A / ETEC) OX=331111 GN=rpsI PE=3 SV=1 | G64: 448.343 | H64: true | I64: 2 | J64: 21 | K64: 0 | L64: 64.62 | M64: 14856 | N64: 8 | O64: 11 | P64: 11 | Q64: 13 | R64: 13 | S64: 1761 | T64: 1761 | U64: 13 | V64: 11 | W64: 11 | X64: 13 | Y64: 13 | Z64: 13 | AA64: 13 | AB64: 13 | AC64: 13 | AD64: 225 | AE64: 230 | AF64: 231 | AG64: 205 | AH64: 226 | AI64: 206 | AJ64: 241 | AK64: 197 | AL64: 5278656000 | AM64: 4843359232 | AN64: 6215636992 | AO64: 7429936640 | AP64: 4593166848 | AQ64: 4720791552 | AR64: 4397574144 | AS64: 3990212352 | AT64: 5138053120 | AU64: 5167301120 | AW64: 3008474112 | AX64: 2679647232 | AZ64: 2768743424 | BA64: 2505497600 | BC64: 2179551488 | BD64: 1780299776
A65: 16679 | B65: SYFA_ECO24 | C65: pheS | D65: SYFA_ECO24; SYFA_ECO8A; SYFA_ECOBW; SYFA_ECODH; SYFA_ECOHS; SYFA_ECOLC; SYFA_ECOLI | E65: SYFA_ECO27; SYFA_ECO45; SYFA_ECO55; SYFA_ECO57; SYFA_ECO5E; SYFA_ECO7I; SYFA_ECO81; SYFA_ECOL5; SYFA_ECOL6; SYFA_ECOLU; SYFA_ECOSE; SYFA_ECOSM | F65: sp|A7ZMI2|SYFA_ECO24 Phenylalanine--tRNA ligase alpha subunit OS=Escherichia coli O139:H28 (strain E24377A / ETEC) OX=331111 GN=pheS PE=3 SV=1 | G65: 421.765 | H65: true | I65: 2 | J65: 7 | K65: 12 | L65: 40.67 | M65: 36831 | N65: 22 | O65: 12 | P65: 12 | Q65: 12 | R65: 12 | S65: 193 | T65: 193 | U65: 12 | V65: 8 | W65: 9 | X65: 10 | Y65: 11 | Z65: 12 | AA65: 12 | AB65: 12 | AC65: 11 | AD65: 15 | AE65: 20 | AF65: 16 | AG65: 25 | AH65: 29 | AI65: 29 | AJ65: 27 | AK65: 32 | AL65: 57233848 | AM65: 60831312 | AN65: 100115008 | AO65: 138110400 | AP65: 118617320 | AQ65: 147091728 | AR65: 123279184 | AS65: 136757888 | AT65: 48685832 | AU65: 65923080 | AW65: 55509776 | AX65: 57381180 | AZ65: 85402472 | BA65: 98811704 | BC65: 76867992 | BD65: 76048216
A66: 16781 | B66: SYW_ECOLI | C66: trpS | D66: SYW_ECOLI | E66: SYW_ECO57; SYW_ECOL6 | F66: sp|P00954|SYW_ECOLI Tryptophan--tRNA ligase OS=Escherichia coli (strain K12) OX=83333 GN=trpS PE=1 SV=3 | G66: 419.432 | H66: true | I66: 2 | J66: 1 | K66: 2 | L66: 41.32 | M66: 37437 | N66: 17 | O66: 10 | P66: 10 | Q66: 10 | R66: 10 | S66: 105 | T66: 105 | U66: 10 | V66: 7 | W66: 9 | X66: 9 | Y66: 8 | Z66: 10 | AA66: 9 | AB66: 10 | AC66: 10 | AD66: 8 | AE66: 8 | AF66: 15 | AG66: 11 | AH66: 16 | AI66: 15 | AJ66: 16 | AK66: 16 | AL66: 37631348 | AM66: 37057288 | AN66: 75668448 | AO66: 99466944 | AP66: 81261216 | AQ66: 100852320 | AR66: 93104760 | AS66: 105315760 | AT66: 43992084 | AU66: 28153804 | AW66: 41863160 | AX66: 35619192 | AZ66: 55068236 | BA66: 59819204 | BC66: 58634744 | BD66: 61319856
A67: 16758 | B67: RL25_ECO24 | C67: rplY | D67: RL25_ECO24; RL25_ECO55; RL25_ECO8A; RL25_ECOBW; RL25_ECODH; RL25_ECOHS; RL25_ECOLC; RL25_ECOLI; RL25_ECOSE | E67: RL25_ECO27; RL25_ECO45; RL25_ECO57; RL25_ECO5E; RL25_ECO7I; RL25_ECO81; RL25_ECOL5; RL25_ECOL6; RL25_ECOLU; RL25_ECOSM | F67: sp|A7ZP09|RL25_ECO24 50S ribosomal protein L25 OS=Escherichia coli O139:H28 (strain E24377A / ETEC) OX=331111 GN=rplY PE=3 SV=1 | G67: 412.584 | H67: true | I67: 2 | J67: 9 | K67: 10 | L67: 81.91 | M67: 10693 | N67: 7 | O67: 10 | P67: 10 | Q67: 12 | R67: 12 | S67: 961 | T67: 961 | U67: 12 | V67: 11 | W67: 11 | X67: 11 | Y67: 11 | Z67: 11 | AA67: 12 | AB67: 11 | AC67: 11 | AD67: 122 | AE67: 140 | AF67: 105 | AG67: 116 | AH67: 122 | AI67: 149 | AJ67: 112 | AK67: 95 | AL67: 487121120 | AM67: 452704640 | AN67: 468369344 | AO67: 696659648 | AP67: 512952736 | AQ67: 561622144 | AR67: 582402496 | AS67: 476699168 | AT67: 549298688 | AU67: 548847744 | AW67: 320397024 | AX67: 378291904 | AZ67: 422014592 | BA67: 424244864 | BC67: 394635616 | BD67: 332515616
A68: 16800 | B68: RSMI_ECO57 | C68: rsmI | D68: RSMI_ECO57; RSMI_ECOLI | F68: sp|P67088|RSMI_ECO57 Ribosomal RNA small subunit methyltransferase I OS=Escherichia coli O157:H7 OX=83334 GN=rsmI PE=3 SV=1 | G68: 410.966 | H68: true | I68: 2 | J68: 2 | K68: 0 | L68: 59.09 | M68: 31347 | N68: 18 | O68: 11 | P68: 11 | Q68: 11 | R68: 11 | S68: 92 | T68: 92 | U68: 11 | V68: 7 | W68: 7 | X68: 11 | Y68: 11 | Z68: 11 | AA68: 11 | AB68: 11 | AC68: 11 | AD68: 5 | AE68: 2 | AF68: 15 | AG68: 17 | AH68: 15 | AI68: 11 | AJ68: 11 | AK68: 16 | AL68: 18742336 | AM68: 18258326 | AN68: 136222480 | AO68: 181693920 | AP68: 83369296 | AQ68: 92339632 | AR68: 78975376 | AS68: 93186104 | AT68: 23322206 | AU68: 9185748 | AW68: 69503104 | AX68: 67527824 | AZ68: 60073672 | BA68: 67819912 | BC68: 55360900 | BD68: 68340200
A69: 16658 | B69: RL19_ECO24 | C69: rplS | D69: RL19_ECO24; RL19_ECO27; RL19_ECO45; RL19_ECO55; RL19_ECO57; RL19_ECO5E; RL19_ECO7I; RL19_ECO81; RL19_ECO8A; RL19_ECOBW; RL19_ECODH; RL19_ECOHS; RL19_ECOK1; RL19_ECOL5; RL19_ECOL6; RL19_ECOLC; RL19_ECOLI; RL19_ECOLU; RL19_ECOSE; RL19_ECOSM; RL19_ECOUT | F69: sp|A7ZQ46|RL19_ECO24 50S ribosomal protein L19 OS=Escherichia coli O139:H28 (strain E24377A / ETEC) OX=331111 GN=rplS PE=3 SV=1 | G69: 394.162 | H69: true | I69: 2 | J69: 21 | K69: 0 | L69: 78.26 | M69: 13133 | N69: 9 | O69: 14 | P69: 14 | Q69: 14 | R69: 14 | S69: 504 | T69: 504 | U69: 14 | V69: 13 | W69: 12 | X69: 12 | Y69: 13 | Z69: 13 | AA69: 13 | AB69: 12 | AC69: 12 | AD69: 98 | AE69: 105 | AF69: 39 | AG69: 34 | AH69: 45 | AI69: 73 | AJ69: 55 | AK69: 54 | AL69: 481967648 | AM69: 413955392 | AN69: 137940176 | AO69: 200069728 | AP69: 156130016 | AQ69: 240049728 | AR69: 176369168 | AS69: 179023152 | AT69: 515015392 | AU69: 435065632 | AW69: 149045920 | AX69: 154031520 | AZ69: 223127600 | BA69: 319499808 | BC69: 206462240 | BD69: 203484608
A70: 16805 | B70: RS11_ECO24 | C70: rpsK | D70: RS11_ECO24; RS11_ECO27; RS11_ECO45; RS11_ECO55; RS11_ECO57; RS11_ECO5E; RS11_ECO7I; RS11_ECO81; RS11_ECO8A; RS11_ECOBW; RS11_ECODH; RS11_ECOHS; RS11_ECOK1; RS11_ECOL5; RS11_ECOL6; RS11_ECOLC; RS11_ECOLI; RS11_ECOLU; RS11_ECOSE; RS11_ECOSM; RS11_ECOUT | F70: sp|A7ZSI6|RS11_ECO24 30S ribosomal protein S11 OS=Escherichia coli O139:H28 (strain E24377A / ETEC) OX=331111 GN=rpsK PE=3 SV=1 | G70: 394.126 | H70: true | I70: 2 | J70: 21 | K70: 0 | L70: 52.71 | M70: 13844 | N70: 8 | O70: 7 | P70: 7 | Q70: 8 | R70: 8 | S70: 1244 | T70: 1244 | U70: 8 | V70: 6 | W70: 5 | X70: 6 | Y70: 7 | Z70: 8 | AA70: 8 | AB70: 8 | AC70: 8 | AD70: 133 | AE70: 109 | AF70: 135 | AG70: 140 | AH70: 194 | AI70: 205 | AJ70: 185 | AK70: 143 | AL70: 2940753664 | AM70: 2802541312 | AN70: 4277092096 | AO70: 4661261312 | AP70: 2693632256 | AQ70: 2828287744 | AR70: 2663045632 | AS70: 2247161088 | AT70: 2170492160 | AU70: 415108256 | AW70: 1717555584 | AX70: 1519729280 | AZ70: 1514702336 | BA70: 2078822400 | BC70: 2697489152 | BD70: 2399240192
A71: 16882 | B71: PLSC_ECOLI | C71: plsC | D71: PLSC_ECOLI | F71: sp|P26647|PLSC_ECOLI 1-acyl-sn-glycerol-3-phosphate acyltransferase OS=Escherichia coli (strain K12) OX=83333 GN=plsC PE=1 SV=1 | G71: 388.581 | H71: true | I71: 2 | J71: 1 | K71: 0 | L71: 39.59 | M71: 27452 | N71: 13 | O71: 7 | P71: 7 | Q71: 8 | R71: 8 | S71: 711 | T71: 711 | U71: 8 | V71: 6 | W71: 8 | X71: 8 | Y71: 8 | Z71: 7 | AA71: 7 | AB71: 8 | AC71: 8 | AD71: 85 | AE71: 85 | AF71: 166 | AG71: 129 | AH71: 38 | AI71: 32 | AJ71: 83 | AK71: 92 | AL71: 671595840 | AM71: 816440960 | AN71: 1194845184 | AO71: 1334610304 | AP71: 294812576 | AQ71: 347743616 | AR71: 774148160 | AS71: 830621504 | AT71: 687157248 | AU71: 668123008 | AW71: 765872256 | AX71: 558292096 | AZ71: 207641728 | BA71: 218508080 | BC71: 400804672 | BD71: 440179680
A72: 16798 | B72: GRCA_ECO24 | C72: grcA | D72: GRCA_ECO24; GRCA_ECO55; GRCA_ECO57; GRCA_ECO5E; GRCA_ECO81; GRCA_ECO8A; GRCA_ECOBW; GRCA_ECODH; GRCA_ECOHS; GRCA_ECOLC; GRCA_ECOLI; GRCA_ECOSE | E72: GRCA_ECO27; GRCA_ECO45; GRCA_ECO7I; GRCA_ECOK1; GRCA_ECOL5; GRCA_ECOL6; GRCA_ECOLU; GRCA_ECOSM | F72: sp|A7ZQ24|GRCA_ECO24 Autonomous glycyl radical cofactor OS=Escherichia coli O139:H28 (strain E24377A / ETEC) OX=331111 GN=grcA PE=3 SV=1 | G72: 386.534 | H72: true | I72: 2 | J72: 12 | K72: 8 | L72: 70.08 | M72: 14284 | N72: 11 | O72: 9 | P72: 9 | Q72: 9 | R72: 9 | S72: 161 | T72: 161 | U72: 9 | V72: 9 | W72: 9 | X72: 8 | Y72: 8 | Z72: 8 | AA72: 8 | AB72: 8 | AC72: 8 | AD72: 39 | AE72: 34 | AF72: 17 | AG72: 15 | AH72: 19 | AI72: 17 | AJ72: 11 | AK72: 9 | AL72: 126625272 | AM72: 143421696 | AN72: 117498816 | AO72: 139998288 | AP72: 76106032 | AQ72: 75688504 | AR72: 50150840 | AS72: 40624920 | AT72: 151997792 | AU72: 180140048 | AW72: 59470724 | AX72: 51031892 | AZ72: 48116148 | BA72: 42443232 | BC72: 25946086 | BD72: 19841432
A73: 16688 | B73: SYT_ECO27 | C73: thrS | D73: SYT_ECO27; SYT_ECO45; SYT_ECO57; SYT_ECO5E; SYT_ECO7I; SYT_ECO81; SYT_ECOBW; SYT_ECODH; SYT_ECOK1; SYT_ECOL5; SYT_ECOL6; SYT_ECOLI; SYT_ECOLU; SYT_ECOSM; SYT_ECOUT | E73: SYT_ECO24; SYT_ECO55; SYT_ECO8A; SYT_ECOHS; SYT_ECOLC; SYT_ECOSE | F73: sp|B7USA2|SYT_ECO27 Threonine--tRNA ligase OS=Escherichia coli O127:H6 (strain E2348/69 / EPEC) OX=574521 GN=thrS PE=3 SV=1 | G73: 375.91 | H73: true | I73: 2 | J73: 15 | K73: 6 | L73: 28.35 | M73: 74013 | N73: 46 | O73: 19 | P73: 19 | Q73: 19 | R73: 19 | S73: 89 | T73: 89 | U73: 19 | V73: 14 | W73: 13 | X73: 19 | Y73: 18 | Z73: 18 | AA73: 17 | AB73: 18 | AC73: 19 | AD73: 14 | AE73: 4 | AF73: 6 | AG73: 12 | AH73: 11 | AI73: 16 | AJ73: 11 | AK73: 15 | AL73: 34153756 | AM73: 33494602 | AN73: 126040056 | AO73: 96234624 | AP73: 66803428 | AQ73: 80636400 | AR73: 75634368 | AS73: 86275992 | AT73: 43645964 | AU73: 40030344 | AW73: 40669956 | AX73: 33937048 | AZ73: 41497584 | BA73: 47838216 | BC73: 39396540 | BD73: 43645964
A74: 16803 | B74: RS19_ECO24 | C74: rpsS | D74: RS19_ECO24; RS19_ECO27; RS19_ECO45; RS19_ECO55; RS19_ECO57; RS19_ECO5E; RS19_ECO7I; RS19_ECO81; RS19_ECO8A; RS19_ECOBW; RS19_ECODH; RS19_ECOHS; RS19_ECOK1; RS19_ECOL5; RS19_ECOL6; RS19_ECOLC; RS19_ECOLI; RS19_ECOLU; RS19_ECOSE; RS19_ECOSM; RS19_ECOUT | F74: sp|A7ZSK5|RS19_ECO24 30S ribosomal protein S19 OS=Escherichia coli O139:H28 (strain E24377A / ETEC) OX=331111 GN=rpsS PE=3 SV=1 | G74: 374.967 | H74: true | I74: 2 | J74: 21 | K74: 0 | L74: 69.57 | M74: 10430 | N74: 6 | O74: 7 | P74: 7 | Q74: 8 | R74: 8 | S74: 1882 | T74: 1882 | U74: 8 | V74: 4 | W74: 5 | X74: 6 | Y74: 7 | Z74: 6 | AA74: 7 | AB74: 8 | AC74: 8 | AD74: 146 | AE74: 178 | AF74: 224 | AG74: 280 | AH74: 317 | AI74: 266 | AJ74: 235 | AK74: 236 | AL74: 1606820864 | AM74: 1433182080 | AN74: 1446503680 | AO74: 1849489664 | AP74: 1178465792 | AQ74: 1270247168 | AR74: 1133269504 | AS74: 1104341120 | AT74: 378385056 | AU74: 964562560 | AW74: 939776256 | AX74: 1240424704 | AZ74: 1078793472 | BA74: 1051120000 | BC74: 1119666304 | BD74: 989721984
A75: 16694 | B75: MINE_ECO24 | C75: minE | D75: MINE_ECO24; MINE_ECO27; MINE_ECO45; MINE_ECO55; MINE_ECO57; MINE_ECO5E; MINE_ECO7I; MINE_ECO81; MINE_ECO8A; MINE_ECOBW; MINE_ECODH; MINE_ECOHS; MINE_ECOK1; MINE_ECOL5; MINE_ECOL6; MINE_ECOLC; MINE_ECOLI; MINE_ECOLU; MINE_ECOSE; MINE_ECOSM; MINE_ECOUT | F75: sp|A7ZKU5|MINE_ECO24 Cell division topological specificity factor OS=Escherichia coli O139:H28 (strain E24377A / ETEC) OX=331111 GN=minE PE=3 SV=1 | G75: 374.009 | H75: true | I75: 2 | J75: 21 | K75: 0 | L75: 76.14 | M75: 10234 | N75: 7 | O75: 7 | P75: 7 | Q75: 8 | R75: 8 | S75: 578 | T75: 578 | U75: 8 | V75: 8 | W75: 8 | X75: 8 | Y75: 8 | Z75: 6 | AA75: 8 | AB75: 7 | AC75: 8 | AD75: 117 | AE75: 113 | AF75: 141 | AG75: 107 | AH75: 19 | AI75: 13 | AJ75: 28 | AK75: 40 | AL75: 174090496 | AM75: 119813320 | AN75: 282365408 | AO75: 385399904 | AP75: 67453032 | AQ75: 64157356 | AR75: 174006720 | AS75: 203640672 | AT75: 230040384 | AU75: 174788928 | AW75: 194730064 | AX75: 187295296 | AZ75: 56884088 | BA75: 54533076 | BC75: 137524496 | BD75: 141835984
A76: 16859 | B76: HIS7_ECOLI | C76: hisB | D76: HIS7_ECOLI | F76: sp|P06987|HIS7_ECOLI Histidine biosynthesis bifunctional protein HisB OS=Escherichia coli (strain K12) OX=83333 GN=hisB PE=1 SV=1 | G76: 373.021 | H76: true | I76: 2 | J76: 1 | K76: 0 | L76: 32.11 | M76: 40277 | N76: 21 | O76: 11 | P76: 1 | Q76: 11 | R76: 1 | S76: 322 | T76: 8 | U76: 1 | V76: 1 | W76: 1 | X76: 1 | Y76: 1 | Z76: 1 | AA76: 1 | AB76: 1 | AC76: 1 | AD76: 1 | AE76: 1 | AF76: 1 | AG76: 1 | AH76: 2 | AI76: 1 | AJ76: 0 | AK76: 1 | AL76: 140447568 | AM76: 121469656 | AN76: 340904320 | AO76: 373798528 | AP76: 268876512 | AQ76: 286885728 | AR76: 252962400 | AS76: 269694496 | AT76: 16180059 | AU76: 12826388 | AW76: 13603721 | AX76: 11890271 | AZ76: 17990024 | BA76: 17161070 | BC76: 13031321 | BD76: 13702510
A77: 16764 | B77: RS20_ECO24 | C77: rpsT | D77: RS20_ECO24; RS20_ECO27; RS20_ECO45; RS20_ECO55; RS20_ECO57; RS20_ECO5E; RS20_ECO7I; RS20_ECO81; RS20_ECO8A; RS20_ECOBW; RS20_ECODH; RS20_ECOHS; RS20_ECOL5; RS20_ECOL6; RS20_ECOLC; RS20_ECOLI; RS20_ECOLU; RS20_ECOSE; RS20_ECOSM; RS20_ECOUT | F77: sp|A7ZHB2|RS20_ECO24 30S ribosomal protein S20 OS=Escherichia coli O139:H28 (strain E24377A / ETEC) OX=331111 GN=rpsT PE=3 SV=1 | G77: 371.551 | H77: true | I77: 2 | J77: 20 | K77: 0 | L77: 48.28 | M77: 9684 | N77: 4 | O77: 8 | P77: 8 | Q77: 9 | R77: 9 | S77: 1321 | T77: 1321 | U77: 9 | V77: 4 | W77: 7 | X77: 8 | Y77: 9 | Z77: 9 | AA77: 8 | AB77: 8 | AC77: 9 | AD77: 199 | AE77: 214 | AF77: 182 | AG77: 162 | AH77: 155 | AI77: 147 | AJ77: 106 | AK77: 156 | AL77: 1902126208 | AM77: 2091141248 | AN77: 1329081344 | AO77: 1719872512 | AP77: 1055136384 | AQ77: 1056120448 | AR77: 834818112 | AS77: 1409396224 | AT77: 72418856 | AU77: 897612608 | AW77: 781321472 | AX77: 1507972608 | AZ77: 1116693376 | BA77: 842564096 | BC77: 868217536 | BD77: 1004225856
A78: 16751 | B78: UPI001D0F4A03_Aequorea | C78: mVenus | D78: UPI001D0F4A03_Aequorea | E78: A0A059PIR9_AEQVI | F78: sp|UPI001D0F4A03|UPI001D0F4A03_Aequorea Aequorea victoria mVenus UniParc | G78: 371.238 | H78: true | I78: 2 | J78: 1 | K78: 1 | L78: 55.92 | M78: 27714 | N78: 13 | O78: 9 | P78: 9 | Q78: 10 | R78: 10 | S78: 422 | T78: 422 | U78: 10 | V78: 7 | W78: 7 | X78: 9 | Y78: 8 | Z78: 7 | AA78: 7 | AB78: 8 | AC78: 9 | AD78: 72 | AE78: 83 | AF78: 82 | AG78: 56 | AH78: 22 | AI78: 22 | AJ78: 40 | AK78: 43 | AL78: 164938720 | AM78: 161214672 | AN78: 262732336 | AO78: 319299008 | AP78: 48546400 | AQ78: 52987348 | AR78: 131162688 | AS78: 125733376 | AT78: 142710512 | AU78: 136497488 | AW78: 134165056 | AX78: 108473904 | AZ78: 34972336 | BA78: 33299914 | BC78: 86870544 | BD78: 86586024
A79: 16722 | B79: RL13_ECO24 | C79: rplM | D79: RL13_ECO24; RL13_ECO27; RL13_ECO45; RL13_ECO55; RL13_ECO57; RL13_ECO5E; RL13_ECO7I; RL13_ECO81; RL13_ECO8A; RL13_ECOBW; RL13_ECODH; RL13_ECOHS; RL13_ECOK1; RL13_ECOL5; RL13_ECOL6; RL13_ECOLC; RL13_ECOLI; RL13_ECOLU; RL13_ECOSE; RL13_ECOSM; RL13_ECOUT | F79: sp|A7ZSC5|RL13_ECO24 50S ribosomal protein L13 OS=Escherichia coli O139:H28 (strain E24377A / ETEC) OX=331111 GN=rplM PE=3 SV=1 | G79: 356.628 | H79: true | I79: 2 | J79: 21 | K79: 0 | L79: 81.69 | M79: 16018 | N79: 8 | O79: 13 | P79: 13 | Q79: 13 | R79: 13 | S79: 371 | T79: 371 | U79: 13 | V79: 10 | W79: 11 | X79: 11 | Y79: 13 | Z79: 11 | AA79: 12 | AB79: 12 | AC79: 12 | AD79: 69 | AE79: 69 | AF79: 22 | AG79: 35 | AH79: 37 | AI79: 49 | AJ79: 43 | AK79: 47 | AL79: 485638336 | AM79: 604378816 | AN79: 231604224 | AO79: 302244832 | AP79: 280283136 | AQ79: 398240192 | AR79: 326438720 | AS79: 337329856 | AT79: 403559360 | AU79: 555920576 | AW79: 121770240 | AX79: 153035712 | AZ79: 187952464 | BA79: 250085712 | BC79: 211626800 | BD79: 205146912
A80: 16795 | B80: DNAK_ECO24 | C80: dnaK | D80: DNAK_ECO24; DNAK_ECO57; DNAK_ECOHS; DNAK_ECOK1; DNAK_ECOL5; DNAK_ECOL6; DNAK_ECOLC; DNAK_ECOLI; DNAK_ECOUT | F80: sp|A7ZHA4|DNAK_ECO24 Chaperone protein DnaK OS=Escherichia coli O139:H28 (strain E24377A / ETEC) OX=331111 GN=dnaK PE=3 SV=1 | G80: 356.562 | H80: true | I80: 2 | J80: 9 | K80: 0 | L80: 19.75 | M80: 69114 | N80: 39 | O80: 11 | P80: 11 | Q80: 11 | R80: 11 | S80: 72 | T80: 72 | U80: 11 | V80: 8 | W80: 6 | X80: 9 | Y80: 10 | Z80: 11 | AA80: 10 | AB80: 10 | AC80: 11 | AD80: 7 | AE80: 5 | AF80: 9 | AG80: 10 | AH80: 12 | AI80: 12 | AJ80: 8 | AK80: 9 | AL80: 19527196 | AM80: 12361025 | AN80: 46686248 | AO80: 69466344 | AP80: 36698244 | AQ80: 41960800 | AR80: 29341724 | AS80: 34499244 | AT80: 17311950 | AU80: 4188656.2 | AW80: 17781756 | AX80: 30408982 | AZ80: 23345356 | BA80: 22642400 | BC80: 17605328 | BD80: 20585470
A81: 16826 | B81: CMPDT_ECO57 | C81: pheA | D81: CMPDT_ECO57; CMPDT_ECOLI | F81: sp|P0A9J9|CMPDT_ECO57 Bifunctional chorismate mutase/prephenate dehydratase OS=Escherichia coli O157:H7 OX=83334 GN=pheA PE=3 SV=1 | G81: 352.517 | H81: true | I81: 2 | J81: 2 | K81: 0 | L81: 29.02 | M81: 43110 | N81: 21 | O81: 13 | P81: 13 | Q81: 13 | R81: 13 | S81: 103 | T81: 103 | U81: 13 | V81: 8 | W81: 10 | X81: 12 | Y81: 13 | Z81: 12 | AA81: 12 | AB81: 12 | AC81: 13 | AD81: 8 | AE81: 13 | AF81: 14 | AG81: 14 | AH81: 13 | AI81: 14 | AJ81: 14 | AK81: 13 | AL81: 34905752 | AM81: 48297512 | AN81: 135061696 | AO81: 171899344 | AP81: 69680360 | AQ81: 76504544 | AR81: 62798080 | AS81: 79979832 | AT81: 31749206 | AU81: 38919636 | AW81: 64038180 | AX81: 78660944 | AZ81: 39864988 | BA81: 40683848 | BC81: 36238636 | BD81: 40637704
A82: 16691 | B82: SYR_ECO27 | C82: argS | D82: SYR_ECO27; SYR_ECO7I; SYR_ECOBW; SYR_ECODH; SYR_ECOL6; SYR_ECOLC; SYR_ECOLI; SYR_ECOLU; SYR_ECOSE; SYR_ECOSM | E82: SYR_ECO24; SYR_ECO45; SYR_ECO55; SYR_ECO57; SYR_ECO5E; SYR_ECO81; SYR_ECO8A; SYR_ECOHS; SYR_ECOK1; SYR_ECOL5; SYR_ECOUT | F82: sp|B7USQ3|SYR_ECO27 Arginine--tRNA ligase OS=Escherichia coli O127:H6 (strain E2348/69 / EPEC) OX=574521 GN=argS PE=3 SV=1 | G82: 351.297 | H82: true | I82: 2 | J82: 10 | K82: 11 | L82: 24.26 | M82: 64640 | N82: 37 | O82: 12 | P82: 12 | Q82: 12 | R82: 12 | S82: 49 | T82: 49 | U82: 12 | V82: 9 | W82: 8 | X82: 10 | Y82: 10 | Z82: 12 | AA82: 12 | AB82: 11 | AC82: 10 | AD82: 5 | AE82: 2 | AF82: 3 | AG82: 4 | AH82: 7 | AI82: 12 | AJ82: 4 | AK82: 12 | AL82: 15464687 | AM82: 15145338 | AN82: 15858089 | AO82: 18824152 | AP82: 23635928 | AQ82: 34065260 | AR82: 21302576 | AS82: 29478742 | AT82: 15462984 | AU82: 15024726 | AW82: 7496217 | AX82: 7220628.5 | AZ82: 13938579 | BA82: 18997706 | BC82: 11162094 | BD82: 13928578
A83: 16706 | B83: ODO1_ECO57 | C83: sucA | D83: ODO1_ECO57; ODO1_ECOL6; ODO1_ECOLI | F83: sp|P0AFG5|ODO1_ECO57 2-oxoglutarate dehydrogenase E1 component OS=Escherichia coli O157:H7 OX=83334 GN=sucA PE=3 SV=1 | G83: 336.592 | H83: true | I83: 2 | J83: 3 | K83: 0 | L83: 17.9 | M83: 105060 | N83: 51 | O83: 13 | P83: 13 | Q83: 13 | R83: 13 | S83: 48 | T83: 48 | U83: 13 | V83: 5 | W83: 6 | X83: 13 | Y83: 13 | Z83: 12 | AA83: 13 | AB83: 12 | AC83: 13 | AD83: 0 | AE83: 0 | AF83: 6 | AG83: 12 | AH83: 5 | AI83: 10 | AJ83: 8 | AK83: 7 | AL83: 4758183 | AM83: 5794201 | AN83: 24808878 | AO83: 31537796 | AP83: 14045788 | AQ83: 16165631 | AR83: 14575203 | AS83: 17655578 | AT83: 531274.12 | AU83: 496453.91 | AW83: 14898365 | AX83: 12629201 | AZ83: 9026881 | BA83: 9164639 | BC83: 8406478 | BD83: 9346403
A84: 16695 | B84: RS16_ECO24 | C84: rpsP | D84: RS16_ECO24; RS16_ECO27; RS16_ECO45; RS16_ECO55; RS16_ECO57; RS16_ECO5E; RS16_ECO7I; RS16_ECO81; RS16_ECO8A; RS16_ECOBW; RS16_ECODH; RS16_ECOHS; RS16_ECOL5; RS16_ECOL6; RS16_ECOLC; RS16_ECOLI; RS16_ECOLU; RS16_ECOSE; RS16_ECOSM | F84: sp|A7ZQ49|RS16_ECO24 30S ribosomal protein S16 OS=Escherichia coli O139:H28 (strain E24377A / ETEC) OX=331111 GN=rpsP PE=3 SV=1 | G84: 334.316 | H84: true | I84: 2 | J84: 19 | K84: 0 | L84: 58.54 | M84: 9190 | N84: 4 | O84: 7 | P84: 7 | Q84: 7 | R84: 7 | S84: 1449 | T84: 1449 | U84: 7 | V84: 6 | W84: 7 | X84: 7 | Y84: 7 | Z84: 7 | AA84: 7 | AB84: 7 | AC84: 7 | AD84: 153 | AE84: 176 | AF84: 237 | AG84: 202 | AH84: 193 | AI84: 181 | AJ84: 138 | AK84: 169 | AL84: 1162873344 | AM84: 1203464576 | AN84: 1373198848 | AO84: 1785121536 | AP84: 1088250752 | AQ84: 1087653120 | AR84: 776024192 | AS84: 1210152704 | AT84: 985642496 | AU84: 1117698304 | AW84: 1233983232 | AX84: 1268739840 | AZ84: 1195821952 | BA84: 1070647424 | BC84: 821056128 | BD84: 1044942144
A85: 16704 | B85: SYE_ECO24 | C85: gltX | D85: SYE_ECO24; SYE_ECODH; SYE_ECOHS; SYE_ECOK1; SYE_ECOL6; SYE_ECOLC; SYE_ECOLI; SYE_ECOSE; SYE_ECOSM; SYE_ECOUT | E85: SYE_ECO57; SYE_ECO5E; SYE_ECOL5 | F85: sp|A7ZPK7|SYE_ECO24 Glutamate--tRNA ligase OS=Escherichia coli O139:H28 (strain E24377A / ETEC) OX=331111 GN=gltX PE=3 SV=1 | G85: 332.785 | H85: true | I85: 2 | J85: 10 | K85: 3 | L85: 36.31 | M85: 53815 | N85: 27 | O85: 13 | P85: 13 | Q85: 13 | R85: 13 | S85: 80 | T85: 80 | U85: 13 | V85: 8 | W85: 10 | X85: 11 | Y85: 11 | Z85: 13 | AA85: 12 | AB85: 12 | AC85: 12 | AD85: 9 | AE85: 11 | AF85: 6 | AG85: 9 | AH85: 10 | AI85: 14 | AJ85: 11 | AK85: 10 | AL85: 28605516 | AM85: 26284622 | AN85: 391880224 | AO85: 48399216 | AP85: 245756800 | AQ85: 254847584 | AR85: 185338128 | AS85: 47552256 | AT85: 42307692 | AU85: 67521552 | AW85: 76206968 | AX85: 60860648 | AZ85: 126080392 | BA85: 126529280 | BC85: 86915928 | BD85: 90876040
A86: 16699 | B86: NDK_ECO24 | C86: ndk | D86: NDK_ECO24; NDK_ECO55; NDK_ECO57; NDK_ECO5E; NDK_ECO8A; NDK_ECOBW; NDK_ECODH; NDK_ECOHS; NDK_ECOLC; NDK_ECOLI; NDK_ECOLU; NDK_ECOSE | E86: NDK_ECO27; NDK_ECO45; NDK_ECO7I; NDK_ECO81; NDK_ECOK1; NDK_ECOL5; NDK_ECOL6; NDK_ECOSM; NDK_ECOUT | F86: sp|A7ZPW1|NDK_ECO24 Nucleoside diphosphate kinase OS=Escherichia coli O139:H28 (strain E24377A / ETEC) OX=331111 GN=ndk PE=3 SV=1 | G86: 321.435 | H86: true | I86: 2 | J86: 12 | K86: 9 | L86: 60.84 | M86: 15463 | N86: 10 | O86: 7 | P86: 7 | Q86: 7 | R86: 7 | S86: 158 | T86: 158 | U86: 7 | V86: 7 | W86: 7 | X86: 5 | Y86: 6 | Z86: 6 | AA86: 7 | AB86: 6 | AC86: 7 | AD86: 42 | AE86: 46 | AF86: 7 | AG86: 7 | AH86: 15 | AI86: 15 | AJ86: 11 | AK86: 14 | AL86: 293139296 | AM86: 293829504 | AN86: 79452880 | AO86: 94274192 | AP86: 181884160 | AQ86: 206713008 | AR86: 165971344 | AS86: 189849552 | AT86: 313706880 | AU86: 322417792 | AW86: 40129772 | AX86: 34083012 | AZ86: 111570000 | BA86: 121490200 | BC86: 91379184 | BD86: 90659056
A87: 16753 | B87: RS18_ECO24 | C87: rpsR | D87: RS18_ECO24; RS18_ECO27; RS18_ECO45; RS18_ECO55; RS18_ECO57; RS18_ECO5E; RS18_ECO7I; RS18_ECO81; RS18_ECO8A; RS18_ECOBW; RS18_ECODH; RS18_ECOHS; RS18_ECOL5; RS18_ECOL6; RS18_ECOLC; RS18_ECOLI; RS18_ECOLU; RS18_ECOSE; RS18_ECOSM; RS18_ECOUT | F87: sp|A7ZV73|RS18_ECO24 30S ribosomal protein S18 OS=Escherichia coli O139:H28 (strain E24377A / ETEC) OX=331111 GN=rpsR PE=3 SV=1 | G87: 319.334 | H87: true | I87: 2 | J87: 20 | K87: 0 | L87: 60 | M87: 8986 | N87: 4 | O87: 7 | P87: 7 | Q87: 7 | R87: 7 | S87: 732 | T87: 732 | U87: 7 | V87: 5 | W87: 4 | X87: 7 | Y87: 7 | Z87: 7 | AA87: 7 | AB87: 7 | AC87: 7 | AD87: 102 | AE87: 133 | AF87: 83 | AG87: 87 | AH87: 79 | AI87: 75 | AJ87: 78 | AK87: 95 | AL87: 1765390720 | AM87: 1772220800 | AN87: 1421424512 | AO87: 1712943488 | AP87: 1007060608 | AQ87: 1079790336 | AR87: 910056384 | AS87: 1170210176 | AT87: 436600608 | AU87: 351794112 | AW87: 707336640 | AX87: 1295470720 | AZ87: 1063375552 | BA87: 757551424 | BC87: 962607936 | BD87: 890599744
A88: 16725 | B88: RS14_ECO24 | C88: rpsN | D88: RS14_ECO24; RS14_ECO45; RS14_ECO57; RS14_ECO5E; RS14_ECO7I; RS14_ECODH; RS14_ECOHS; RS14_ECOK1; RS14_ECOL5; RS14_ECOL6; RS14_ECOLC; RS14_ECOLI; RS14_ECOLU; RS14_ECOSE; RS14_ECOSM; RS14_ECOUT | F88: sp|A7ZSJ6|RS14_ECO24 30S ribosomal protein S14 OS=Escherichia coli O139:H28 (strain E24377A / ETEC) OX=331111 GN=rpsN PE=3 SV=1 | G88: 317.678 | H88: true | I88: 2 | J88: 16 | K88: 0 | L88: 53.47 | M88: 11580 | N88: 7 | O88: 11 | P88: 2 | Q88: 11 | R88: 2 | S88: 1413 | T88: 757 | U88: 2 | V88: 2 | W88: 2 | X88: 2 | Y88: 2 | Z88: 2 | AA88: 2 | AB88: 2 | AC88: 2 | AD88: 101 | AE88: 113 | AF88: 92 | AG88: 81 | AH88: 100 | AI88: 100 | AJ88: 85 | AK88: 85 | AL88: 555466816 | AM88: 516959296 | AN88: 859135040 | AO88: 1312527232 | AP88: 722952000 | AQ88: 741898240 | AR88: 721151552 | AS88: 655127872 | AT88: 37913516 | AU88: 48139752 | AW88: 61049296 | AX88: 92697776 | AZ88: 136442560 | BA88: 129593976 | BC88: 137672256 | BD88: 139516896
A89: 16730 | B89: STHA_ECO24 | C89: sthA | D89: STHA_ECO24; STHA_ECO27; STHA_ECO45; STHA_ECO55; STHA_ECO5E; STHA_ECO7I; STHA_ECO81; STHA_ECO8A; STHA_ECOBW; STHA_ECODH; STHA_ECOHS; STHA_ECOK1; STHA_ECOL6; STHA_ECOLC; STHA_ECOLI; STHA_ECOLU; STHA_ECOSE; STHA_ECOSM; STHA_ECOUT | E89: STHA_ECO57; STHA_ECOL5 | F89: sp|A7ZUI2|STHA_ECO24 Soluble pyridine nucleotide transhydrogenase OS=Escherichia coli O139:H28 (strain E24377A / ETEC) OX=331111 GN=sthA PE=3 SV=1 | G89: 307.501 | H89: true | I89: 2 | J89: 19 | K89: 2 | L89: 31.33 | M89: 51559 | N89: 27 | O89: 10 | P89: 10 | Q89: 10 | R89: 10 | S89: 21 | T89: 21 | U89: 10 | V89: 5 | W89: 6 | X89: 9 | Y89: 10 | Z89: 9 | AA89: 10 | AB89: 10 | AC89: 10 | AD89: 1 | AE89: 1 | AF89: 2 | AG89: 11 | AH89: 0 | AI89: 3 | AJ89: 1 | AK89: 3 | AL89: 85934672 | AM89: 92816328 | AN89: 156380960 | AO89: 180032832 | AP89: 72190072 | AQ89: 78196968 | AR89: 193831392 | AS89: 259092112 | AT89: 4092697.8 | AU89: 40787676 | AW89: 107240680 | AX89: 119789200 | AZ89: 79395096 | BA89: 84384464 | BC89: 85182224 | BD89: 83615200
